id,id2,txt
39,$001,Ataque derrotado por piratas da Liga Inquieta ao navio do Brennan. Chegada ao porto de Stros M'kai. Tobias disse para nos encontrarmos no Dragin' Tale.
40,$002,Aceita a missão de Kotaro de entregar o amuleto ao Governador Richton em nome de N'gasta. Recolha o amuleto de N'gasta. Pagado 100 de ouro; recolher o saldo de 200 de ouro de Kotaro após a entrega.
41,$003,Kotaro diz Draggin' Tale na praça da cidade; segue as rampas para cima.
42,$004,Tobias diz que você deve visitar o irmão Nidal no templo para saber mais sobre Iszara.
43,$005,Tobias diz que vai partir de Stros M'kai ao anoitecer para evitar o risco de prisão imperial.
44,$006,Tobias suspeita do Richton no desaparecimento de Iszara.
45,$007,"Tobias diz que a sua amiga Siona, nas docas, pode ajudar-nos com informações sobre os Crown."
46,$008,O Dreekius diz que a Capitã Brennan está à minha procura.
47,$009,"Dreekius diz que um bêbado bretão, Crendal, se gabou de ter um pedaço de mapa do lendário frasco de Lillandril."
48,$010,Dreekius acredita que um dragão guarda a alma-gem num tesouro secreto nas catacumbas. Dreekius diz que uma ponta de arma assada em fogo de dragão atravessará um dragão como nenhuma outra.
49,$011,O Crendal diz que tem um pedaço do mapa do frasco de Lillandril.
50,$012,"Trithik só se lembra que o seu pedaço do mapa do frasco de Lillandril tinha dois números, um X e a anotação árvore longa."
51,$013,"Trithik diz que costumava ter um pedaço do mapa do frasco de Lillandril, mas que ele foi roubado há várias semanas."
52,$014,A Siona disse que o Capitão Brennan quer ver-me.
53,$015,Aceitou a missão de N'gasta de entregar um amuleto ao governador Richton. Amuleto recebido. N'Gasta dispôs que um intermediário anónimo pagasse quando a tarefa fosse cumprida.
54,$016,"Favis diz que o sino está partido, ou que não soa tão alto como antes."
55,$017,Pagado pelo Kotaro pela entrega do amuleto.
56,$018,"Entrega do amuleto para Richton. Está a enfrentar o governador em relação ao Iszara. Richton diz que Iszara era uma consorte conhecida da Liga Inquieta, mas nega conhecimento ou responsabilidade pelo seu desaparecimento. Richton ameaçado. O agente elfo negro do governador, Dram, lançou um feitiço mágico. Ela acordou despojada de todos os seus bens e presa."
57,$019,"Um prisioneiro da Liga Inquieta, a morrer, disse algo sobre ir a um farol para fazer um sinal à Liga. Recebeu uma chave oxidada."
58,$020,Ele soube da existência de um tesouro lendário chamado o frasco de Lillandril.
59,$021,Um jovem Yokudan chamado Hayle foi morto pelos Imperiais. O Avik chama-lhe homicídio. A família da Hayle acampa-se fora da cidade à espera de completar o ritual de sepultamento.
60,$022,"Joto, membro da Guilda dos Magos e amigo de Avik, foi detido pelos imperiais."
61,$023,"Krisandra diz que Lakene, um homem de mão local, foi até ela para substituir um antigo medalhão de prata da sua mulher que Lakene perdeu enquanto jogava no Smuggler's Den. Quando Krisandra lhe disse que não podia ajudá-lo, ele ficou muito angustiado."
62,$024,"Prnell diz para contactar a Liga Inquieta através da Guarda do Contrabandista debaixo da loja da Maiko, mas que preciso de um código para entrar."
63,$025,Tive de matar dois soldados imperiais que tinham entrado na casa ao lado do prateador.
64,$026,"Krisandra deu-me uma chave e convidou-me a procurar no seu armazém um navio de prata com a inscrição de um pedaço do mapa do frasco de Lillandril. Se o encontrar, diz para ficar com ele."
65,$027,"Favis diz que o sino está partido. Examinado o sino, parece estar em perfeito estado de funcionamento."
66,$028,"Lakene diz que vai dar o código, mas só se eu recuperar o medalhão da sua mulher do Rollo."
67,$029,Gerrick diz que o Rollo deve ir buscar carregamentos ao porto sempre que ouve um sino tocado por um tipo chamado Favis. Tocar o sino anuncia a chegada de um navio.
68,$030,"Favis diz que um companheiro da torre de vigia, Prnell, agita uma bandeira quando um navio chega, indicando a Favis para tocar o sino. Favis reclama que o Prnell nunca deixa Favis levantar a bandeira."
69,$031,Ele tomou emprestado de Prnell a bandeira usada para indicar a chegada de um navio ao porto.
70,$032,"Prnell diz que perdeu um olho. A sua visão é muito má, e ela quer mesmo o óculos."
71,$033,"Nidal diz que o seu antigo iniciado, o irmão Kithral, desapareceu."
72,$034,"Nidal diz que viu pela última vez o iniciado desaparecido, o irmão Kithral, a ir ao parque para colher raízes de mandrágora. Nidal acha que os homens do Richton são responsáveis pelo desaparecimento do Kithral."
73,$035,Saban diz que pode encontrar a Liga Inquieta no farol.
74,$036,"Trithik diz que todos os traves de Stros M'kai estão banidos sob a terra de Stros M'kai, graças a Frandar Hunding."
75,$037,"Falicia diz que a Liga Inquieta tinha obtido uma soulgem que continha a alma do príncipe A'tor e estava usando-a para reunir partidários, mas Iszara, impaciente com o atraso, roubou a soulgem e levou-a para a Guilda de Magos em busca de ajuda. Um membro da Guilda, um acólito chamado Joto, concordou em ajudar Iszara a investigar uma forma de usar a alma para restaurar o príncipe. Então, depois de um elfo negro ter vindo falar com o arquimago Jaganvir, Joto foi preso e encarcerado por traição ao Império. Falicia não sabe o que aconteceu com Iszara, mas diz que Joto é o único que pode me dizer, e está preso."
76,$038,"Joto dissipou o encantamento de mudança de gremlin de Jaganvir. Joto acha que o Necromante N'Gasta tem o Iszara. Joto diz que N'gasta era o único feiticeiro que podia usar a sua magia para restaurar A'tor do soulgem. Como N'gasta é mau e pouco confiável, Joto e Iszara planejavam usar a antiga magia elfica do frasco de Lillandril como proteção quando negociassem com o malvado N'gasta. Joto e Iszara tinham encontrado um pedaço do mapa, e depois Joto encontrou outro, mas antes que Joto pudesse dar o seu segundo pedaço a Iszara, ela tinha desaparecido, e Joto tinha sido preso pelos imperiais. Joto deu-me o segundo pedaço do mapa, e disse-me que se eu ia enfrentar o N'Gasta para encontrar o Iszara, eu devia ter o frasco de Lillandril. Então, de repente, o elfo negro do governador apareceu na prisão, matou Joto e atacou."
77,$039,"O jovem Yokudan, Coyle, conta que Iszara foi com seu irmão ferido Hayle a Saban para pedir ajuda no dia em que Hayle foi morta. Iszara tentou explicar-lhe, mas Saban estava demasiado perturbado para o ouvir."
78,$040,Coyle diz que a sua mãe Saban diz que é preciso um feiticeiro poderoso para usar o poder de uma soulgem. O Coyle diz que a mãe é tão poderosa.
79,$041,Coyle diz que o necromante N'gasta estabeleceu uma alma-snare sobre toda a ilha de Stros M'kai. Quem morre sem o ritual apropriado leva a alma para a torre de N'Gasta para servir ao Necromante.
80,$042,"Coyle diz que sua mãe é uma feiticeira poderosa, e que poderia facilmente guiar a alma de seu filho Hayle além do soulsnare de N'gasta, exceto que Hayle nasceu sob o signo da serpente. As outras doze constelações seguem os círculos do céu, mas nem Coyle nem a mãe sabem prever o caminho da serpente. A única forma de guiar a alma da Hayle através do soulsnare é colocar as pedras estelares nas posições da cabeça e da cauda da serpente."
81,$043,"Coyle recitou o verso sobre o Guerreiro Guardião: Cordeiro de Caminho... Dama Dançante... Senhor Avançando... ""Por toda a noite""."
82,$044,"Coyle recitou o verso sobre o Mago Guardião: Aprendizagem de Aprendizes... Ritual Turning... Queimar o Golem... ""Por toda a noite""."
83,$045,"Coyle recitou o verso relativo ao Ladrão Guardião: 'Ladrão Astuto Vigia... Amado Suspirando... A sombra está a mentir... A Torre Defiante... ""Por toda a noite""."
84,$046,"Coyle diz que a sua mãe Saban pode proteger a alma do seu irmão Hayle de N'gasta porque é uma bruxa poderosa, a bruxa mais poderosa da sua tribo."
85,$047,"Coyle diz que sua mãe Saban diz que a magia do campo de estase do Arquimago Voa é muito forte para ela, que eu devo encontrar uma maneira de livrar o corpo do Príncipe do campo de estase antes que ela possa ajudar."
86,$048,"Com o soulgem e o anel de Voa na mão, e Saban para fazer funcionar a sua magia, eles procediam ao templo para restaurar e reviver o Príncipe A'tor. Iszara, Basil e o resto da Liga observaram Saban tentar restaurar o Príncipe. No entanto, a alma de A'tor não foi para o seu corpo, mas para a sua espada. Com esta espada, liderarei a Liga Inquieta e dirigirei-me ao palácio para derrubar o governador e a ocupação imperial."
87,$049,"Erasmo delicia-se com fantasmas no farol de Saintsport que o mantêm acordado a noite toda, piscando flash, flash, flaaaash."
88,$050,"Erasmo afirma que ele arranjou o oratório, mas que não pode arranjar o telescópio porque lhe falta uma engrenagem. Diz que tentou arranjar o telescópio, mas queimou as pernas na sala de engrenagens."
89,$051,Equipamento anão instalado. O telescópio do observatório já está arranjado.
90,$052,"Maiko concordou em fazer um mapa detalhado usando as anotações do livro Artefatos Elficos... Mas em troca, a Maiko fica com o livro. A Maiko diz para voltares daqui a pouco pelo mapa."
91,$053,Maiko deu-me um mapa associado ao frasco de Lillandril baseado nas anotações do livro Artefatos Elficos.
92,$054,Caça-dragão. Recuperado soulgem. Escapou das catacumbas.
93,$055,"N'Gasta extraiu a alma de Iszara do seu corpo e entregou-a ao seu patrão, o Daedra, o Lorde Clavicus Vile. Iszara foi a N'gasta trocar a sua alma pela ajuda de N'gasta para restaurar a alma do príncipe A'tor do soulgem ao seu corpo preservado. N'gasta aceitou o acordo e roubou traiçoeiramente a alma e o soulgem de Iszara. O amuleto que N'Gasta pagou para entregar a Richton continha a alma de A'tor. Para restaurar Iszara, a sua alma deve ser recuperada do Clavicus Vile."
94,$056,Enfrentaste o Clavicus Vile e apostaste a minha alma contra a de Iszara num concurso de enigmas. Ganhas o concurso de enigmas e voltas para a Torre do Negromancio com a alma de Iszara.
95,$057,"Restaurou a alma de Iszara. Juntos, escaparam da Ilha dos Negromantes. Foram a Stros M'kai, chamaram o navio da Liga e navegaram para se reunirem com a Liga no seu esconderijo. Revelou que Richton tem a alma em forma de uma pedra preciosa, que lhe foi dada por N'Gasta. Prometeu matar o dragão e recuperar a alma gem das cavernas do tesouro das catacumbas, e encontrar alguém capaz de dominar o poder da alma gem para restaurar o príncipe A'tor. De Iszara, arranja uma chave de ouro para entrar nas catacumbas. Quando a alma gem estiver em seu poder e encontrar alguém capaz de fazer funcionar a magia da alma gem, reúna-se com Iszara, Basil e o resto da Liga no templo onde o irmão Nidal tem o corpo de A'tor escondido."
96,$058,Entregaste-lhe o medalhão da mulher de Lakene e recebeste em troca o código da Guarda do Contrabandista. A senha é cucha.
97,$059,"Tenta entrar pela porta que está debaixo da loja do cartógrafo, mas não sabe a senha e é negado a entrada."
98,$060,Obtive de Urik um pergaminho de Iszara com a insígnia da Liga Revoltosa.
99,$061,"Em resposta ao sinal do farol, chegou um navio capitaneado por uma mulher Redguard."
100,$062,"A capitã do navio que respondeu ao sinal da Liga do farol não cooperará a menos que lhe dêmos provas de que sou digno da atenção da Liga, provas suficientes para justificar o risco de me levar para o esconderijo da Liga."
101,$063,"Da papagaio reconstruiu o seguinte: ""A irmã bonita tinha os seus planos. Parece que desta vez precisava de ouro. Vinte e um passos. Como a cabeça olha. ""Enterrado ali, o ouro ainda brilha""."
102,$064,Recuperaste uma equipa anã dos restos do gigante mecânico anão.
103,$065,"Encontre o lendário frasco de Lillandril, um antigo artefato elfico com a virtude de absorver magia."
104,$066,"Basil deu-me uma chave da loja de Iszara e sugeriu-me que procurasse pistas sobre o seu paradeiro. Em particular, ele mencionou um diário que não podia abrir. Em troca de conhecer o conteúdo do diário, Basil promete contar tudo o que sabe sobre o desaparecimento de Iszara."
105,$067,"Basil contou a história da derrota do príncipe A'tor e suas forças nas mãos dos imperiais, como o assassino elfo negro de Richton matou A'tor com uma flecha envenenada, como um dragão imperial derrotou os seguidores de A'tor e como o arquimago Voa preservou a alma do príncipe moribundo em um soulgem. Em seguida, revelou que a Liga havia tomado a alma gem e planejava desencadear uma revolução com a perspectiva de que o Príncipe recuperado da alma gem liderasse a Liga e os seguidores de A'tor contra os imperiais. Basil também conta como Iszara roubou a alma da Liga e desapareceu. ""Encontre a alma gem, e encontrará Iszara"", diz Basil. Depois de ouvir Basil, eles navegaram do Escondite da Liga de volta para Stros M'kai."
106,$068,"Com um corpo encontrado nas cavernas, encontramos o diário do irmão Kithral, que refere a sua busca pelo anel do Arquimago Voa'."
107,$069,Encontramos o corpo do Arquimago Voa e recuperámos o seu anel mágico.
108,$070,Ele escapou da prisão imperial nas catacumbas. Os guardas imperiais atacarão-te assim que te virem.
109,$071,O Dreekius diz que a Siona quer ver-me.
110,$072,Crendal diz que escondeu o seu pedaço do mapa do frasco de Lillandril onde outros não o possam encontrar.
111,$073,O irmão Nidal revela que Iszara e o príncipe eram amantes secretos.
112,$074,"Siona diz para não confiarmos no Brennan, que ele é um traidor."
113,$075,Siona disse que ouviu os Guardiões Imperiais falarem que a Brennan tinha sido paga para dar uma armadilha a aquele Redguard que o Governador gosta tanto.
114,$076,"Depois de escapar da prisão, escapou da perseguição do guarda. Se o Joto estava certo, e o N'gasta tem o Iszara, ele deve encontrar o frasco de Lillandril para se proteger da magia do N'gasta."
115,$077,"Tobias diz que o irmão Kithral (um irmão de Arkay) e Iszara desapareceram quase ao mesmo tempo, e que se conheciam."
116,$078,O Crendal diz que conseguiu um pedaço do mapa do frasco de Lillandril roubando-o. Diz que o encontrou debaixo de uma cama no barco do Trithik.
117,$079,"Os homens da Liga Inquieta aproximaram-se e perguntaram ao Avik sobre uma mulher após a morte da Hayle. Avik não lhes disse nada, mas revela que viu Hayle e Iszara juntos no dia em que Hayle foi morta."
118,$080,"J'ffer conta que, segundo a lenda, um criado armado com o frasco de Lillandril derrotou o Grande Mago de Valenwood. O artefato pode então ser um poderoso dispositivo antimágico, talvez um que absorva magia."
119,$081,"Quando lhe perguntaram por onde chegar ao Draggin Tale, o Capitão Brennan disse para subir pela ponte à direita, atravessar o portão da praça da cidade e procurar o cartaz."
120,$082,"De S'rathra, o meu fiador em Wayrest, recebi uma carta de Tobias sobre o desaparecimento da minha irmã, Iszara. Vai para a ilha de Stros M'kai, em Hammerfell."
121,$083,"Após uma recente guerra civil, o Império Tiber Septim governa Hammerfell. Uma facção da Guarda Vermelha, os Forebears, aliou-se ao Império para derrotar a facção oposta da Guarda Vermelha, as Coroas, que favoreciam o governo do Rei Thassad e seu filho e herdeiro, o Príncipe A'tor."
122,$084,"Com Thassad morto, e o Príncipe A'tor derrotado pelo Almirante Imperial Richton na batalha final de Stros M'kai, as guarnições Imperiais estão estacionadas em cada cidade de Hammerfell, e Lord Richton reina como Governador Provisório em Stros M'kai."
123,$085,"Por Trithik soube que o príncipe A'tor tinha acordos com a Liga Inquieta, embora as Coronas considerassem a Liga não ser confiável."
124,$086,"Trithik diz que o Governador Richton ordenou destruir o Casco Antigo, refúgio das Coronas, com fogo de dragão."
125,$087,"Segundo Trithik, embora o corpo do príncipe A'tor tenha sido perdido no mar, já há profecias de seu retorno."
126,$088,"Quando sugeri falar com Richton, Trithik disse que não se permitem guardas vermelhos no palácio."
127,$089,A Falicia disse que ouviu o mapa do frasco de Lillandril quebrar-se em quatro pedaços. Diz que um pedaço estava inscrito no fundo de uma caixa de prata em forma de barco.
128,$090,"O arquimago Jaganvir surpreende Falicia falando-lhe de Iszara, Joto e o soulgem. Jaganvir lança um encanto transformando-me num gremlin para impedir que eu revele esta informação a ninguém."
129,$091,Gremlin. Yuppee nuvem nuvem. Lalloo! - Não! Enj! Procura! Volte para forma negra!
130,$092,Gremlin. Yuppee nuvem nuvem. Lalloo! - Não! Enj! Eu! Bak! Preciso! Mago!
131,$093,Siona diz que pode contactar a Liga Inquieta através da Guarda do Contrabandista no porão de Maiko.
132,$094,A Mariah diz que a Liga Revoltosa pode ser contactada através da Guarda do Contrabandista.
133,$095,Aceitar ajudar a encontrar uma maneira de ajudar a mãe do Coyle a completar o ritual que preservará a alma do seu irmão da necromante Soulsnare.
134,$096,Colocar as pedras estelares corretamente permitiu a Saban completar o seu ritual e garantir uma viagem segura para o outro mundo para a alma de Hayle.
135,$097,"A maldição de um necromante afeta Stros M'kai. Segundo Trithik, os bancos de areia onde o necromante está estão a oeste, ao longo de um caminho sobre uma ponte."
136,$098,Siona diz que é amiga de Tobias e que está contente por me ajudar.
137,$099,"Siona diz que Richton está acompanhado por um assassino elfo escuro de olhos vermelhos, Dram, de Morrowind."
138,$100,É preciso um código para entrar na Guarda do Contrabandista.
139,$101,"Siona insinuou que Iszara era amiga - boa amiga - do príncipe, e que talvez por isso ela desapareceu quando Richton chegou à cidade."
140,$102,"Siona diz que o palácio do governador está a subir o morro - não tem perda -, mas não esperem para se infiltrar."
141,$103,"Segundo Siona, o dragão usado pelos imperadores para derrotar as coroas ainda está nas catacumbas abaixo do palácio."
142,$104,"O palácio do governador está no topo da colina... a estrutura mais grandiosa de Stros M'kai, segundo Kotaro."
143,$105,"A Mariah disse que a última vez que viu o Iszara, ele estava a caminho do Cartographer's."
144,$106,"A Mariah diz que viu membros da Liga a entrar e sair da Guarda do Traficante, debaixo da do Cartógrafo."
145,$107,Gerrick está preocupado que Iszara tenha procurado malaquita através da Guarda do Contrabandista.
146,$108,"Gerrick acredita que a Liga Inquieta está ligada aos contrabandistas que operam na Guarda do Contrabandista, debaixo da loja do Cartógrafo."
147,$109,"Quando Prnell vê um barco, ele sai para a passarela e agita uma bandeira para que Favis saiba que deve tocar o sino."
148,$110,Nidal sugere que o anel de Voa poderia dissipar um campo de estase no corpo de A'tor.
149,$111,"Nidal revelou que o corpo de A'tor está escondido no templo, preservado da decomposição por um feitiço de estase. Nidal sugere que o anel de Voa poderia dissipar um campo de estase no corpo de A'tor, mas não dá nenhuma sugestão de por que Kithral ou Iszara tentariam."
150,$112,"Nidal sugere que Iszara e Kithral planejavam usar o anel de Voa para dissipar o campo de estase no corpo de A'tor, permitindo assim uma transferência da alma de A'tor do soulgem de volta ao corpo do Príncipe..."
151,$113,Nidal concordou que Iszara e Kithral não planejavam dissipar o campo de estase do corpo preservado de A'tor só para deixar o corpo do Príncipe apodrecer. Devem ter pensado noutro uso para o anel.
152,$114,"Nidal revelou que o corpo de A'tor está escondido no templo, preservado da decomposição por um feitiço de estase."
153,$115,"Nidal diz que não pode fazer magia do soulgem, que precisa de um mago."
154,$116,"Nidal diz que o campo de estase bloquearia a magia da alma gem, mesmo que um mago estivesse disponível."
155,$117,"Nidal diz que preciso do Anel para dissipar o campo de estase, mas que o Anel também está além da sua habilidade."
156,$118,"Nidal diz que não pode fazer magia do anel, que precisa de um mago."
157,$119,"Nidal diz que precisaria da soulgem para restaurar o príncipe, e que a magia da soulgem está além da sua habilidade."
158,$120,"Para restaurar o Príncipe, encontra um mago que possa fazer funcionar a magia do soulgem e do anel."
159,$121,"Nidal diz que o anel só dissiparia o campo de estase, fazendo com que o corpo do Príncipe se transformasse em pó. Encontre o soulgem para restaurar o príncipe."
160,$122,"Coyle fala dos três círculos dos céus, e dos três guardiões que protegem seus três cargos, cada um em seu círculo do céu."
161,$123,O Erasmo diz que não desce para a sala de engrenagens. Vai para a sala de engrenagens e instala a engrenagem no lado mais distante para arranjar o telescópio.
162,$124,Erasmo diz que é preciso um engrenagem anão para arranjar o telescópio... Não qualquer engrenagem.
163,$125,Erasmo está contente por o telescópio estar arranjado.
164,$126,Usaste o frasco de Lillandril para derrotar o necromante N'gasta.
165,$127,Mistura de poções. Despeja as poções no segredo mágico do chão da sala da torre de N'Gasta para abrir uma porta para o reino do Senhor Daedra Clavicus Vile.
166,$128,"Kotaro identifica N'gasta como um velho eremita inofensivo que vive na torre do velho mago, nas bacias do noroeste da ilha."
167,$129,Kotaro diz que os supersticiosos habitantes do local chamam N'Gasta de necromante.
168,$130,"Mariah lembra-se de ver o menino Aray, Kithral, visitando o parque, contemplando a cascata e escrevendo no seu diário. Ele também o descreve como um ""Corona apaixonado"" e acha que não o vê há meses."
169,$131,"O parque fica na cascata, diz a Mariah."
170,$132,"N'Gasta diz que entregar o amuleto ao governador pessoalmente, e que o contratado pagará o resto da taxa após a entrega."
171,$133,"Iszara está entre os vivos, garante N'Gasta, ou saberia o contrário."
172,$134,"N'gasta concede que o Grêmio de Magos se opõe à prática de seu ofício, mas que o governador o favorece em relação aos do Grêmio de Magos."
173,$135,"O captor de almas de N'Gasta captura os espíritos defuntos dos ""tonto que negligenciam a santidade de suas almas""."
174,$136,"A armadilha das almas só captura espíritos que não estão protegidos por rituais sagrados, ou que foram enterrados em terra profana, segundo N'gasta."
175,$137,"N'gasta serve o Príncipe Daedric Clavicus Vile, e afirma que Vile concede favores em troca de cada alma que N'gasta lhe entrega."
176,$138,"A propósito, N'gasta menciona que só um irmão de Arkay está vivo, já que o outro caiu na sua rede há três luas maiores... mais ou menos na mesma época em que Iszara desapareceu."
177,$139,"A propósito, N'gasta menciona que só há um irmão de Arkay vivo, pois o outro caiu na sua rede há três luas maiores... Mais ou menos ao mesmo tempo em que Iszara desapareceu."
178,$140,Lakene diz que os Imperiais estão à procura dos antigos tesouros tecnológicos dos Anões nas ruínas das montanhas.
179,$141,Hayle nasceu sob o signo da serpente. Avik diz que os yokudans acreditam que as estrelas guiam o nosso destino desde o nascimento até à morte e além.
180,$142,"A mãe de Hayle, Saban, não pode completar o ritual de sepultamento do menino morto porque tem de proteger o seu espírito da armadilha de almas posta por N'gasta. Segundo o Avik, esta armadilha envia o espírito do falecido para N'Gasta, a menos que a vítima seja enterrada em terra consagrada."
181,$bel,Examinar o sino
182,$but,Ilumina o troll com a tocha
183,$can,VELHA DE PROVA QUE CAIA
184,$ct1,Insere a runa na mosca
185,$ct2,Remover a escória da mosca
186,$ct3,Recuperar a Runa
187,$ct4,Examinar o bloco solto
188,$ct5,Afrouxar o bloco com a chave
189,$ctd,Vira o diâmetro
190,$ctg,Obter a chave
191,$cth,Cortar corda
192,$ctk,Coloque a chave na fechadura
193,$ctl,Tirar da palanca
194,$ctp,Presione o painel
195,$ctt,Lâmpada
196,$ctw,Deslizar peso
197,$ctx,GARRAR Peso
198,$cv1,SEGURAR a folha no fogo
199,$cv2,Roubar um corpo
200,$cv3,Barril de luz
201,$cv4,Examinar a Meca
202,$cv5,Examinar a diferença
203,$cv6,Usar talismãs na fenda
204,$cv7,Maria da Luz
205,$dr1,Olha para a porta.
206,$dr2,Tradução:
207,$dr3,Olhe para o artefato.
208,$dr4,Entrar nas ruínas anãs
209,$ds1,LIGAR O VAPOR Até a metade
210,$ds2,Ligue todo o vapor
211,$ds3,Apagar o vapor
212,$ds4,A porta está aberta.
213,$ds5,girar a roda
214,$ds6,GIRAR A RODA
215,$ds7,Olha para a Mãe! Não há costuras!
216,$ds8,matar o golem
217,$ds9,Procure o golem.
218,$dsa,cortar o cabo
219,$dsb,Continuar
220,$dsc,LEIA O LIVRO
221,$ebt,Entrar no campanário
222,$ect,Entrar na loja
223,$edt,Entrar no Dragin' Tale
224,$edw,Entrar na vida
225,$egg,Entrar na mercadoria de Gerrick
226,$eht,Entrar na torre do porto
227,$ehu,Entra nas Catacumbas
228,$ejb,Entrar nos livros de J'FFER
229,$ejl,Entrar na prisão
230,$emg,Entrar no Grêmio de Magos
231,$ent,Entra na torre de N'Gasta.
232,$eob,Entrar no observatório
233,$epl,Entrar no palácio
234,$esd,Sair da guarda do contrabandista
235,$esh,Entrar no casco do barco
236,$ess,Entrar em prata
237,$esx,Sair do casco do navio
238,$etp,Entrar no templo de Arkai
239,$ewh,Entrar no mercado
240,$exb,Sair do campanário
241,$exc,Sair do cartógrafo
242,$exd,Sair da vida
243,$exe,Saindo do Templo
244,$exf,Sair do J'FFER'S
245,$exg,Sair do Gerrick's
246,$exh,Sair da torre do porto
247,$exj,Sair da prisão
248,$exn,Sair da Torre de N'Gasta
249,$exo,Sair do Observatório
250,$exp,Sair do palácio
251,$exr,Sair do Dragin' Tale
252,$exs,Sair do Almaçã
253,$ext,Sair das catatúbas
254,$exv,Sair da Praça
255,$fba,Encha a garrafa de vidro com a mistura de água e aloe
256,$fbw,Encha a garrafa de vidro com água
257,$fbx,Misturar Aloe em Água
258,$fby,Encha o balde com água
259,$fl1,Tirar o frasco
260,$gc1,Recuperar a rocha
261,$gc2,Colocar a pedra
262,$gsg,Obter a jóia da alma
263,$gwa,Obter a mistura de água e aloe
264,$gwt,Obter água
265,$hi1,Usar sangue na fechadura do diário
266,$hi2,Utilizar a chave no fechadório do diário
267,$ing,Insira engrenagem
268,$kod,A porta bateu
269,$lh2,Olhar para a pilha funerária
270,$lhl,Fogar uma pira funerária
271,$lkh,Olhe para o olho da fechadura
272,$ltt,Olhar através do telescópio
273,$mg1,Sair da Guilda dos Magos
274,$mg2,Desbloquear a porta
275,$mg3,Examinar cofre
276,$mg4,Olhar para a piscina
277,$mg5,Olha para o livro.
278,$ms1,LEIA O SIGNAL
279,$nl1,Puxar a alavanca
280,$nb1,Pegue a palha
281,$ng1,Forçar o Porto
282,$ng2,abrir a porta
283,$ntb,Olha para a mesa.
284,$nw1,GIRAR A RODA
285,$ne1,Olhe para o caldeirão.
286,$ne2,Preencher o VALÓIO com ELIXIR
287,$nv1,Recogida Vial
288,$np1,Verter o elixir no poço
289,$ns1,Olhar para a estante
290,$ob1,Examinar a floresta
291,$odr,Abre a porta
292,$ofa,Oferta de Amuleto
293,$ofb,Oferta de Livro
294,$ofc,Oferta de Rodeio
295,$ofe,OFFER Ectoplasma
296,$off,Oferta de pena
297,$ofg,Oferece ouro
298,$ofh,oferta de sálvia de HIST
299,$ofk,oferecer chave
300,$ofr,RINGO DE OFRENTA
301,$ofo,Oferecer sangue de orco
302,$ofp,Oferece Poção
303,$ofs,Oferecer leite de aranha
304,$oft,Oferta de tocha
305,$opc,abrir cofre
306,$ow1,GIRAR A RODA
307,$pab,Pagamento ao marinheiro
308,$pbr,TIRAR A CABEÇA DO CINEL
309,$pdg,Recuperação Equipa Anão
310,$pec,Recogida de ectoplasma
311,$pff,Lutar com o passado
312,$pfl,"""Recolher a bandeira"""
313,$pfi,Recuperar frasco de lilandril
314,$pg5,Recuperar 5 peças de ouro
315,$pga,"""Recolher 10 peças de ouro"""
316,$pgb,Recuperar Botas de Vidro
317,$pgm,Recuperar o monóculo de cristal
318,$pgo,Recolher o ouro
319,$pgp,Recolher 300 moedas de ouro
320,$phs,Recogemos a sua sabedoria
321,$pi1,Mover o carro
322,$pob,Recolher o sangue do Orco
323,$poe,Recogida de equipas
324,$pof,Apagar o fogo
325,$pop,Recuperar a bolsa
326,$ppe,GORRAR MESSAGEM DE Ectoplasma Sobre o símbolo
327,$pph,DIPARARAR A MESSA DE HISTAS SAVIAS DO SUL DO SIMBOLO
328,$ppo,Driplar a mistura de sangue de orco sobre o símbolo
329,$pps,Gritar a mistura de leite de aranha sobre o símbolo
330,$puh,Recolher a Poção da Saúde
331,$pui,Recolher Poção de Pele de Ferro
332,$pus,Recuperar a Poção da Força
333,$put,Recuperar a tocha
334,$psl,Recuperar o medalhão de prata
335,$pss,Recuperar o navio de prata
336,$psm,Colher o Leite de Aranha
337,$pth,Recuperar o talismã da caça
338,$sb1,Examinar o corpo
339,$sb2,Examinar o corpo
340,$sou,Sublimar sangue de orco com chifre de unicórnio
341,$sod,Sublimar o sangue de orco com o coração de deada
342,$sos,Sublimar o sangue de orco com a salamandra
343,$soa,Sublimar o sangue de orco com âmbar
344,$soe,Sublimar o sangue de orco com a orelha de Spriggan
345,$soh,Sublimar o sangue de orco com pêlo de santo
346,$sop,Sublimar o sangue de orco com saco de porco
347,$sol,Sublimar o sangue de orco com pó de liche
348,$ssu,Sublimar Leite de Aranha com Corno de Unicórnio
349,$ssd,Sublima o leite de aranha com o coração de uma cadela
350,$sss,Sublimar o Leite de Aranha com a Salâmandra
351,$ssa,Sublimar o leite de aranha com âmbar
352,$sse,Sublimar o leite de aranha com a orelha de Spriggan
353,$ssh,Sublimar o leite de aranha com pêlo de santo
354,$ssp,Sublimar Leite de Aranha com Saco de Porco
355,$ssl,Sublimar o leite de aranha com pó de leite
356,$seu,Sublimar o ecotoplasma com cornos de unicórnio
357,$sed,Sublimar o ectoplasma com o coração de morte
358,$ses,Sublimar o ectoplasma com salâmandra
359,$sea,Sublimar o ectoplasma com âmbar
360,$see,Sublimar o ectoplasma com a orelha de Spriggan
361,$seh,Sublimar o ectoplasma com cabelos de santo
362,$sep,Sublimar ectoplasma com saco de porco
363,$sel,Sublimar o ectoplasma com pó de licho
364,$shu,Sublimar o seu sabão com chifre de unicórnio
365,$shd,Sublime HIST SAVIA com coração de deada
366,$shs,Sublimar o seu sabão com a salamandra
367,$sha,Sublimar o seu sabão com âmbar
368,$she,Sublimar sua sabedoria com as orelhas de Spriggan
369,$shh,Sublime HIST SAVIA com pêlo de santo
370,$shp,Sublimação HIST SAP COM SACO DE PORCO
371,$shl,Sublimar a savana com pó de licho
372,$tac,Falar com o Arquimago
373,$tav,CONSELHO AVIK
374,$tba,Fale com o Basílio.
375,$tbm,Falar com o marinheiro
376,$tb0,Fale com o filho
377,$tbu,Conversar com Todd Howard
378,$tma,falar com o HOMEM
379,$tr1,Examinar o TROLL
380,$tr2,Queimar Trolls
382,$tsc,Encantador de Serenas
384,$tt0,falar com o papagaio
385,$tt1,falar com o FAVIS
386,$tt2,falar com o N'Gasta
387,$tt3,falar com o SABAN
388,$tt4,falar com JAGANVIR
389,$tt5,falar com o KOTARO
390,$tt6,falar com a MAIKO
391,$tt8,falar com CLAVICUS VILE
392,$tt9,falar com o PRISONERO
393,$tta,Falar com o Encantador de Serenas
394,$ttb,falar com o BRENNAN
395,$ttd,falar com o Dreekius.
396,$tte,falar com o ERASMO
397,$ttf,falar com FALICIA
398,$ttg,falar com o Gerrick.
399,$tth,falar com Trithik
400,$tti,falar com o Iszara.
401,$ttj,falar com J'FFER
402,$ttk,falar com a KRISANDRA
403,$ttl,falar com o LAKENE
404,$ttm,falar com a MARIAH
405,$ttn,falar com o NIDAL
406,$tto,falar com o Coyle.
407,$ttp,falar com o PRNELL
408,$ttq,Falar com o TIRBINWELL
409,$tts,Falar com Siona
410,$ttt,Falar com Tobias
411,$ttu,falar URIK
412,$ttv,falar com o Vander.
413,$ttw,Falar com a mulher
414,$ttx,Falar com o Cinderela
415,$tty,Fala com Yaeli
416,$ttz,Fala com o guarda.
417,$twb,Falar com o empregado
418,$twe,Falar com um elfo
419,$twk,Falar com o KHAJIIT
420,$tww,Falar com a coisa-guano
421,$twr,Falar com o rol
422,$vs1,Falar com CLAVICUS VILE
423,$xam,Examinar âmbar
424,$xcb,Examinar a bola de cristal
425,$xdh,Examinar o coração do cedro
426,$xld,Examinar a poeira de licho
427,$xmb,VISTA DE LIVROS
428,$xob,Examinar o sangue do Orco
429,$xps,Examinar o saco do porco
430,$xse,Examinar a orelha de Spriggan
431,$xsh,Examinando o cabelo do santo
432,$xsl,Examinar a salâmandra
433,$xuh,Examinar o Chifre de um Unicornio
434,?3ac,O meu tempo é curto.
435,?3bc,Faça sentido.
436,?3cc,Sê mais preciso.
437,?4ac,"Venha, seja um desportista."
438,?4bc,O teu barulho ofende-me.
439,?4cc,"Estou confuso, meu Deus."
440,?acc,Acusado de traição
441,?ais,Iszara abandonada
442,?alc,Alquimista
444,?amg,Arquimago
445,?amu,Amuleto
446,?anm,anti-mágico
447,?apo,Desculpe.
448,?app,Aprendizagem
449,?arc,Arqueologia
450,?arg,Argonês
452,?atb,Corpo de A'tor
454,?ask,Fazer algumas perguntas.
455,?aud,Audiência com o governador
456,?bak,Voltar para Stros M'kai?
457,?bas,Basil
458,?bat,A batalha
459,?bel,Campanha
460,?bet,Aposentamento
461,?bfl,Bandeira de Empréstimo
462,?bgm,Boca grande
463,?bid,O Brennan está morto.
464,?bif,O Basil é meu amigo.
465,?bkm,Reserva para o mapa
466,?bkt,Irmão Kithral.
467,?bok,O sino está a funcionar.
468,?bmm,Voltar
469,?bms,Batalha de Stros M'Kai
470,?bod,Corpo felizmente perdido
471,?boo,Comprar livros
472,?bra,Os irmãos Arkay
473,?brb,Campanha ROTADA
475,?brg,Foras de casa
476,?brn,Irmão NIDAL
477,?bro,Irmão
478,?bsm,A batalha dos estritos M'kai
479,?brw,Brawl
480,?bsl,Onde está o Basil?
482,?bsw,Antes de quê?
483,?btd,Navio danificado
484,?bur,RITUAL FUNERAL
485,?bus,Negociações
486,?buy,Compra
489,?bye,- Adeus.
490,?by2,- Adeus.
491,?byi,Comprar objetos
492,?byl,Queimar as pernas
493,?bym,Comprar mapas
494,?byy,Ganha!
495,?cat,catatumbas
496,?car,Cartógrafo
497,?cav,Cavernas
498,?cha,Desafio para lutar
499,?chg,Cargas
500,?clg,Contactar a Liga
501,?cms,Histórias comuns
502,?cns,Constelações
503,?cnt,Contractista
504,?com,Açafrão
505,?con,Contratação
507,?cro,Coroas
508,?crt,Crendal o Ladrão
509,?cwr,Guerra Civil
510,?cur,- Que merda!
511,?cvw,Guerra Civil
514,?dam,Eu entrego-te o amuleto.
515,?dea,Oferta
516,?del,Entregar o amuleto
517,?dev,Entrega
518,?ddl,"- Não, não, não."
519,?dfy,Desafiar
520,?die,- Perdeu!
521,?dis,A EXPIRIÇÃO DOS ANÂMES
522,?dkb,Não é BÁSIL
523,?dkl,Elfo Negro
524,?dlg,Destruição da Liga
525,?dly,DREEKIUS MENTIR
526,?dod,Não morras.
527,?dog,Cão
528,?dot,Eu posso fazer isso.
529,?dra,Dragão
531,?drf,fogo de dragão
533,?drk,Maldito lagartos
534,?drt,Conto Draggin
535,?dvl,Lei Divina
536,?dwa,Anões
537,?dwg,Engrenagem anã
538,?dwl,Anões história
539,?dwr,Ruínas anãs
540,?ela,Artifactos elficos
541,?elb,Livro de Artefatos Elficos
542,?els,Barco elfico
543,?emv,VITÓRIA DO IMPÉRIO
544,?emp,Império
545,?enj,Aproveitando-o
546,?esc,escape
547,?exc,Escape das catacumbas
548,?eye,O Olho
549,?eyp,Pedaço de olho
550,?fat,O gordo.
552,?fea,PULMA
553,?fff,Alegado de FFOULKE'S
554,?fig,Luta contra o Império
555,?fij,Trabalho terminado
556,?fit,Luta
557,?fla,Bandeira
558,?flg,Encontrar a liga
559,?flh,Flora de Hammerfel
560,?flk,Flasca de Lillandril
561,?fly,Máquinas voadoras
562,?fom,Ex-proprietário
563,?for,Ancestrais
564,?fot,Anterior Susceptíveis
565,?frt,Truque de Ancestralidade
566,?fwl,FAVORES com a liga
567,?fxo,Arranjar o observatório
568,?fxd,Arranjar o Observatório
569,?gaa,Guardiões e cargos
570,?gam,Jogos de azar no covil
571,?gbl,Dar o meu sangue pela alma da minha irmã
572,?gea,Engrenagem
574,?gfl,Dar frasco pela alma da minha irmã
575,?gfm,Ouro por mapa
576,?ggd,Dar ouro pela alma da irmã
577,?gho,Fantasmas
578,?gig,Dar Engrenagem
579,?gim,Dá-me isso.
580,?gmd,DAR DETALHOS DO MAPE
581,?gmp,Dá-me o código.
582,?gmt,Membro do GRUPO JOTO
583,?gmy,Dá-me isso.
584,?gng,Não dar nada e tirar a alma da irmã de qualquer maneira
586,?gop,Palácio do Governador
587,?gov,Governador
588,?gpl,Política sindical
589,?grc,Governador Richton
590,?grm,Sala de engrenagens
591,?gsl,Dá-me a tua alma
592,?gua,"- Não, não."
593,?gui,Culpa
594,?gvl,Dar medalhão
595,?gvn,Governador
596,?gx1,Ajuda
597,?gx2,Por favor!
600,?gx5,- Cárcere!
601,?gx6,Magia!
602,?gx7,Jato de magia por favor Iszara!
604,?hea,Poção CURativa
605,?hgm,Tenho a gema.
606,?hid,Esconde-te.
607,?hil,O Hayle estava na Liga?
608,?hio,Entregar
609,?hkl,A morte de Hayle
610,?hlg,Curação
611,?hlp,Ajuda
612,?hmo,A mãe da Hayle
613,?hmp,TENHA MAPA DE PIEÇA
614,?hsg,Ajuda com a gema da alma
615,?huc,- Que se passa?
617,?hvr,Tenho o anel de voo
618,?hyk,Ajuda os Yokudan
619,?i2c,"O seu tratamento, receio, seria turvo."
620,?i5c,"Dá-nos um respiro, colega."
621,?iac,Conta-me o que sabes.
622,?ibc,"Sabes o que é o Iszara, lindo pássaro."
623,?icc,"Fala claramente, maldito mar!"
624,?idc,"Dos pássaros, és o mais sublime."
625,?ign,Ignorar
626,?iil,Iszara na Liga
627,?imb,Mensageiro de Iszara
628,?imn,Não sei.
629,?imp,Imperiais
630,?imw,Nave de guerra imperial
631,?inf,OFFERIR INFORMAÇÃO
632,?int,Interesses
633,?ips,Passará.
634,?iro,Poção de pele de ferro
635,?isf,Iszara está a salvo.
636,?ism,Iszara faleceu.
637,?iss,A alma de Iszara
638,?ist,Problemas de Izara
639,?isy,Eras amigo de Izara.
642,?ith,Acho que sabes.
643,?iwh,O Izara estava aqui.
644,?izb,Izará na batalha
645,?izp,Iszara e o Príncipe
647,?jal,Prisão
648,?jnl,Membros da Liga
649,?job,Acerca do trabalho
650,?jrg,Jaganvir e o Anel de Voo
652,?kjn,Diário de KITHRAL
653,?kmr,Saiba mais
654,?knw,Quem conhecia a Izara?
655,?kjb,Trabalho KOTARO
657,?kpa,Conservar o Amuleto
659,?lan,Paisagem
660,?las,Liga de perguntas
661,?lat,Chamar a atenção da Liga
662,?leg,Ligação
663,?lga,A Liga atacou a minha nave.
664,?lg2,Ligação
665,?lgb,Liga de rebeldes.
666,?lgh,Esconde-te da liga.
667,?lgi,Insignia da Liga
668,?lgm,Membro da Liga
669,?lgp,Liga dos Piratas
670,?lgr,Reputation da liga
671,?lho,Faróis
672,?lig,A liga foi-se.
673,?liz,Lagarto
674,?llw,Liga Guerra Perdida
675,?lok,Medalhão
676,?lol,Rapazes locais
677,?los,Acerramento
678,?lpl,Muita gente.
679,?ltr,Carta
680,?lrs,"Liga da Ruína, Stros M'kai."
681,?lrt,Últimos rituais
682,?lsa,Deixa a alma em paz.
683,?lst,Último
684,?lts,LUMES
685,?ltx,Imposto sobre o licor
686,?lvg,Sair
687,?lvs,A VIDA QUE LIDAMOS
690,?map,Mapa do frasco
691,?mar,A tua mãe está bem?
692,?mag,Mago
693,?mer,Mercante
694,?mgu,Grêmio de Magos
695,?mgx,Mágicos
696,?mlg,Conheci a Liga.
697,?mls,KM de distância
698,?mot,Mãe
699,?mpf,Mapa do frasco
700,?mps,MAPAS
701,?mys,Mistério
702,?mur,Assassinato
703,?mus,Música
705,?nct,Torre do Negromante
706,?ncy,Negromancia
707,?ndl,Não há acordo.
708,?nec,Negromante
709,?nem,Nunca mais.
710,?net,E então?
711,?nev,Nunca mais.
712,?new,Novo na cidade
714,?njb,Encontrarei o meu próprio caminho
715,?nvm,Nunca mais.
718,?not,Ainda não.
719,?npr,Não adianta resistir.
720,?nsc,Sem medo e inteligente
721,?ntl,Nacionalista
722,?nyp,Diz o teu preço
723,?nyx,Fazendo um mapa a partir do livro dos elfos
724,?obb,Obsessão
725,?obs,Observatório
726,?occ,Ocupação
727,?ofc,Por suposto.
728,?off,Oferta
729,?ofg,Oferta de presente
730,?ofl,Oferta flácida
731,?ogl,Oferta de ouro
732,?ope,Abre!
733,?oth,O que aconteceu com os outros?
734,?otr,Outros
735,?oqi,Incidente no centro histórico
736,?oqr,Casco Antigo
737,?orr,Planetário
738,?pal,Palácio
739,?pas,Password
740,?pat,Príncipe A'tor
741,?pay,Pagar
742,?pfi,Pague por ele.
743,?pha,Refúgio de Piratas
744,?pie,Peça
745,?pkc,Pequenos reis do cirodil
746,?plk,Estás a tentar a sorte.
747,?poe,Contraseira ou não
748,?pot,Poções
749,?poy,Parte de ti
750,?pra,Oração
751,?prf,TEST
752,?pri,PRINCÍPIO
753,?prk,Parque
755,?prn,Ideia absurda
756,?prr,RITUAL apropriado
757,?prv,Governador
758,?pss,Password
759,?r2c,"Agora, então, papagaio, diz-me o que sabes."
760,?r5c,As tuas penas de pedra começaram a aparecer.
761,?rac,"Belo pássaro, que já ouviste."
762,?rai,Raides
763,?rbc,O que é que disseste?
764,?rcc,Eu matei coisas menores.
765,?rdc,E se eu te pagar?
766,?rdl,Pronto para o Ressurreição
767,?rhh,Guardas Vermelhos: Seus Heróis e História
769,?rin,Anel
770,?ris,Risco
771,?rlg,Liga Inquieta
773,?rsm,Voltar para Stros M'Kai
774,?s2c,Iszara foi embora por um tempo .
775,?s5c,Estes enigmas não são realmente o meu estilo.
776,?sac,"Então, sabes que eu vivo aqui?"
777,?sbc,"Então, papagaio, queres explicar?"
778,?scc,Voltemos para Izara.
779,?scf,Algo que possa compreender
780,?sdc,Carros a vapor
781,?sec,Estou farto disto!
782,?sen,Sentinela
783,?ser,Serpente
784,?sep,Caminho da Serpente
785,?sgm,Magia da gema da alma
786,?shd,SOMBRA
787,?shl,Calçados
788,?sho,PALA
789,?sig,O Signo da Serpente
790,?sil,Silêncio.
792,?sld,Soldados mortos
793,?slg,A jóia da alma
794,?sli,Mostrar emblema da Liga
795,?sls,Barco de prata
796,?smd,Guarida do contrabandista
799,?snk,Serpente
800,?son,Canção do Passagem
801,?sol,Soldados em busca
802,?sou,Laço da alma
803,?spr,Ver Prisioneiro
805,?sri,Ver RICHTON
806,?srn,Algo nas ruínas
807,?ssh,Soldados registram a casa
808,?ssg,Canções de Serpente
809,?ssv,Eles servem-te a ti.
810,?sta,Pedras estelares
811,?std,Estudos
812,?str,Poção de Força
813,?stt,Estatua
814,?sul,ALMAS
815,?sum,Ilha Estivalia
816,?sup,Superstições
817,?swl,Ele ia gostar.
818,?sym,Símbolo
819,?tak,Tome-o.
820,?tav,Bar
821,?tbs,Subsistência ligada à tese
822,?tcr,enganar o CRENDAL
823,?tem,Templo
824,?tfm,Mudança por mapa
825,?tfx,TELESCÓPIO FIXO
827,?thf,O ladrão
828,?thr,Ameaça
829,?thv,Uma ameaça vil.
832,?tkp,Prisioneiro
833,?tks,Muito obrigado.
834,?tml,Leva-me para a Liga.
835,?tnk,Estou sempre a pensar nisso.
837,?trb,Problemas
838,?try,Tenta-me
840,?tsl,Troca a minha alma pela alma da minha irmã.
841,?tkb,O barco de Trithik
842,?trm,MAPA DO TÉXOR
843,?trl,PROBLEMAS COM A POPULAÇÃO LOCAL
844,?trs,Ajuda
845,?tol,Não lhes disse nada.
846,?tor,Antorcha
848,?ttx,Imposto do Templo
849,?tvl,As abóbadas do tesouro
851,?ufl,USO DO BALCO
852,?upc,Cabala superior
853,?vlp,Purga de VoLAG
854,?voa,Arquimago Voa
856,?vor,Anel de Voo
857,?way,Quem é você?
858,?war,guerra
859,?wat,Torre de Vigia
860,?who,Quem é que está aí?
861,?wht,O QUE quer que seja
862,?why,Porque é que estás a fazer isto?
863,?win,Terra dos Ventos
864,?wdl,Ele vai entregar o amuleto por ti.
865,?wii,Onde está o Iszara?
866,?wor,Trabalho
867,?wrr,Guerreiro
868,?wrs,A guerra no Sentinel
869,?wrx,Pior para a tua irmã.
870,?wsl,Aposto a minha alma contra a alma da minha irmã.
871,?wwt,O que é que queres?
872,?wyt,Cuide da sua língua
874,?xam,Amuleto
875,?xba,Vendas
876,?xbb,Vende com o teu sangue
877,?xbd,"""História dos anões"""
878,?xbe,"""Artifactos Elficos VIII"""
879,?xbf,"""Flor de Hammerfell"""
880,?xbk,A chave do osso
881,?xbr,"""história de um covil vermelho"""
882,?xbs,"- Não, não é."
883,?xbw,Cubo com água
884,?xcb,LARRO DE VAVO
885,?xcm,Açafrão
886,?xdg,GERAS NANOS
887,?xec,Ectoplasma
888,?xfl,BALDA DE LILLANDRIL
889,?xft,Pedaço de cana
890,?xga,MIXA DE Água PURA E ALOÉ
891,?xgb,BOLDA DE VÍTRO
892,?xgd,Ouro
893,?xge,Garrafa de vidro com elixir
894,?xgk,A chave de ouro
895,?xgm,Monóculo
896,?xgv,VÍOLA VIAL
897,?xgw,Botas de cristal com água pura
898,?xhp,Poção de Saúde
899,?xhs,HIST saliva
900,?xik,A chave da loja de Izara
901,?xim,MAPA DA ILHA
902,?xiw,Peso do ferro
903,?xj1,Diário de Izsara
904,?xkj,Diário de KITHRAL
905,?xkk,A chave do almanaque de Crisandra
906,?xlp,Saco de couro
907,?xlt,Carta
908,?xm1,Peça de mapa de Trithik
909,?xm2,Insignia da Liga
910,?xm3,Pedaço de mapa de jato
911,?xmb,Cubo
912,?xob,Sangue de Orco
913,?xpi,Poção de pele de ferro
914,?xr1,RUNA
915,?xr2,RUNA
916,?xr3,RUNA
917,?xr4,RUNA
918,?xrf,Bandeira
919,?xri,Anel de Invisibilidade
920,?xrk,Chave oxidada
921,?xrm,mapa
922,?xsb,Barco de prata
923,?xsg,A Gema da Alma
924,?xsh,PALA
925,?xsk,A chave de prata
926,?xsl,Saco de prata
927,?xsm,Leite de aranha
928,?xss,""" Alma Espada """
929,?xst,Estrela
930,?xsw,Sabre
931,?xth,Talismã
932,?xtr,Antorcha
933,?xv1,Anel de Voo
934,?yes,"Sim, eu sei."
935,?yjb,Aceito o trabalho.
936,?yly,Estás a mentir.
937,?yoc,Acampamento Yokudan
939,?yol,O rapaz Yokudan
940,?yos,yokudanos
941,?ysc,Assustado mas pronto
942,?yud,Você esteve em Den
943,?vqa,Qual é a porta certa?
944,?vqb,Qual é a porta errada?
945,?vqc,O que é que a guarda mente?
946,?vqd,É o guarda que mente?
947,?vqe,É o guarda que está a mentir?
948,?vqf,CLAVICUS VILE está a mentir?
949,?vqg,Qual porta é a correta?
950,?vqh,Que porta dirá o cão que é a correta?
951,?vqi,Qual porta diria o outro que é correta?
952,?vqj,As duas portas levam à morte?
953,?vqk,O que há por trás desta porta?
954,?vql,O que há atrás da outra porta?
957,0h2c,E o teu nome?
958,0h2a,E o teu nome?
959,0h3c,"Olá, outra vez."
961,0xx1,Sou um pássaro bonito!
962,0i1c,Estou à procura de uma jovem.
963,0l1a,Eu sei o nome da tua irmã.
964,0l2a,E os rumores da sua fama.
965,0r1c,Lutar contra uns bandidos inúteis não faz muito.
966,0s1c,Há quanto tempo vive na ilha?
967,0b1c,"Adeus, então."
968,0b1a,"Adeus, então."
969,0iac,Diz-me o que sabes!
970,0i2c,"Os seus tratos, receio, não eram de confiança..."
971,0ibc,"Conheces a Iszara, a ave sem pares?"
972,0r2c,"Então, papagaio, diz-me o que sabes."
973,0rac,"Beleza de pássaro, o que é que ouviste?"
974,0rbc,O que é que disseste?
975,0sac,"Então, sabe que eu vivo aqui?"
976,0sbc,"Então, papagaio, podes explicar-me?"
977,0s2c,A Iszara foi-se embora por uns tempos.
978,0l3a,Só ri.
979,03ac,O meu tempo é curto.
980,03bc,Começa a ter algum sentido
981,03cc,Seja claro
982,04bc,Estou a ofender-me.
983,0l4a,Metade do tempo.
984,04cc,"Estou confuso, estou com medo."
985,04ac,"Vamos, sê um bom amigo."
987,0g2a,"O que é que ele fez? - Não, não! O que é que ele fez? Que pássaro lindo!"
988,0g3a,"- Não, não, não, não, não."
989,0g4a,O que é que ele fez? O que é que eu faço?
990,0g5a,Sempre um mapa!
991,0g6a,CY<<SQUAWK!>rus Cyrus vírus da bolsa de ouro!
993,0g8a,Pobre linda!
994,0g9a,>>SSSSQUAWKKK! Eu sei coisas que tu não sabes. Conheça mais!
995,0gaa,"Irmã Rica, cara de espanto!"
996,0gba,"Squawk, velho nojento, dedos sujos! O que é que ele fez?"
997,0gca,"ROLLO >>KRAAAK!<< ROLLO conhece >>KRAAAAAAAK!<< TARRONIO OSSO!"""
998,0gda,"SENHORA Plumada! Irmãzinha, tem penas!"
999,0icc,"Fala claramente, maldito mar!"
1000,0l5b,"Senhor, não posso explicar."
1001,0i5c,"Dá-nos um respiro, colega."
1002,0l5a,A não ser que faças o mesmo!
1003,0idc,"De aves, és o mais fino."
1004,0rcc,Eu matei coisas mais pequenas...
1005,0rdc,Olha. E se eu te pagar?
1006,0r5c,As tuas penas de pedra começaram a aparecer.
1007,0s5c,Estas adivinhações não são realmente o meu estilo.
1008,0scc,Voltemos para Izara.
1009,0sdc,Estou farto disto!
1010,0lm1,A tua astuta irmã planeou tudo.
1011,0lm2,"Ele procurou ouro, isso é normal."
1012,0lm3,Vinte e um passos.
1013,0lm4,como a cabeça olha.
1014,0lm5,O metal brilha no chão!
1015,&500,"Venha, Guarda Vermelha, deixe-me esfregar-lhe os ossos."
1017,&502,"Bem batido, humano."
1020,&505,Patético.
1021,&506,- O que é isto?
1024,&509,Há sangue!
1027,&512,"Bem, eu tive mais 200 anos de prática!"
1028,&513,Devo diminuir a velocidade por ti?
1034,&602,"Nada de mal, guarda vermelha!"
1035,&603,Onde estás!?
1036,&604,Agora já sabes o que é enfrentar-me!
1037,&605,"Refazer o seu plano, Guarda Vermelha?"
1038,&606,Aprende o destino do teu povo!
1039,&607,És um mau. Mas não és rival!
1040,0105,Este não é um mensageiro.
1041,0124,"Não, não, não. Deixa-me interrogar este. É um idiota... Mas os tolos podem ser úteis."
1042,0207,Estou a ouvir.
1043,0209,Substituiu-se à Guarda Vermelha.
1044,0214,Deixem-me tratar disto.
1045,052a,Redguard. Só há uma saída. Através de mim.
1046,052b,"Falas demais, gato."
1047,0906,Tem a gema da alma.
1048,0908,"Pela minha cara arrepiante, claro."
1049,0912,E agora a boa notícia. Talvez se lembre do grupo de bandidos viciados que nos causou tantos problemas.
1050,0914,O seu esconderijo teria permanecido um mistério se um guarda vermelho prematuramente morto não me tivesse levado até ele.
1051,0915,"Vai demorar a reunir um grupo de assalto, mas não vejo dificuldade em limpar a Liga inteira num ataque bem planeado."
1052,0b02,Vou informar o Lord Richton.
1053,0b04,Está aqui.
1054,0b09,Ele está aqui. Deve ter feito novos amigos.
1055,0b11,O dirigível está pronto. Começamos o assalto no esconderijo da Liga Revoltosa?
1056,0b13,Mas...
1057,0b16,Não...
1058,1b1c,"É tudo por agora, Favis."
1059,1bba,"Bem, não está exactamente quebrado, mas não soa tão forte como antes."
1060,1bbb,"Mas o Prnell não deixaria o Lakene vê-lo, pois não? Ele insistiu em fazê-lo ele mesmo. É típico."
1061,1bbc,O sino não parece estar partido.
1062,1bbd,Demorou meio dia e depois teve a descarada de me dizer que não havia nada de errado.
1063,1bla,"Não quero ser, mas estou preso a ele. Raios partam, culpa do Prnell. Deixa-me aqui preso enquanto ele se senta na brisa fresca e vê passar a baía de Hundin."
1064,1blb,"Não achas que eu gostaria de abanar a bandeira de vez em quando? É teimoso como uma mula, e ingrato."
1065,1blc,É o senhor que manda neste campanário?
1066,1boc,Verifiquei e o sino está bem.
1067,1boa,"Bom rapaz! - Tinha razão. Aquele idiota do Prnell disse que não precisava de arranjo, mas eu sabia que precisava. Então, arranjaste-o, não foi? Bem, estou muito grato."
1068,1c1a,"Era a sede do poder das Coroas. A'tor liderou as Cruzes a partir daqui, após a morte do Thassad."
1069,1c1b,"Temos sofrido muito por isso desde que o jovem Príncipe A'tor morreu. Tirou toda a esperança das Coronas, mas não toda a luta."
1070,1c1c,"Stros M'Kai era um bastião da Coroa, não era?"
1071,1c2a,"Não, a batalha do Casco Velho fez isso."
1072,1c2c,Não todos?
1073,1cta,"És um jovem intrometido, não és? Quanto menos souberes deles, melhor."
1074,1ctb,"Se o Richton não gosta de ti, põe-te na cadeia. Se ele não gosta mesmo de ti, põe-te nas Catacumbas. Ninguém sai de lá vivo."
1075,1ctc,O que é que se passa com estas catacumbas?
1076,1cxc,- Viste o que ele fez?
1077,1dra,"Não com os meus próprios olhos, mas ouvi falar dele a sobreviventes. Dizem que Richton o guarda nas catacumbas, alimentando-o com ligures capturados."
1078,1drc,Este dragão... - Vocês viram?
1079,1exc,"Então, não a viste?"
1080,1eya,É perfeito! É tão cego como o amor verdadeiro sem o seu monoculo! Acho que a única maneira de ver é através do seu raio de telescópio agora.
1081,1eyb,"Não, não, não. Agora, nunca mais sairá da cadeira do telescópio! E eu nunca vou poder abanar a bandeira!"
1082,1eyc,Prnell disse que perdeu o seu monoculo. - Viste o que ele fez?
1083,1fba,"Dificilmente uma vitória ancestral. Foi o poder imperial que derrotou as coroas, rapaz, não te enganes."
1084,1fbb,Os poucos que o Richton trouxe consigo ficam no palácio ou bebem até se embebedarem.
1085,1fbc,"Esperava ver Stros M'Kai cheio de Ancestrais, depois da sua vitória."
1086,1fbd,"Podia encontrá-los no Dragin Tale, à procura de problemas, por isso tem de ser cuidadoso."
1087,1fla,"Temos de trocar. Um de nós vigia os barcos, ondeva a bandeira quando vê um e o outro toca o sino para avisar as pessoas."
1088,1flb,"Mas nunca me deixa fazer o meu turno no quartel. Não se importa com os meus sentimentos, de jeito nenhum."
1089,1flc,Não sei se te estou a seguir. A que bandeira se refere?
1090,1fld,"Sempre sobre o que o Prnell quer. - Não, não!"
1091,1fxa,"Vês? Só faz barulho, não é? E o Prnell diz que está tudo bem. HMPH!"
1092,1fxb,"Muito melhor! Obrigado, rapaz."
1093,1fxc,"Já os encontrei, obrigado. Bom trabalho."
1094,1gea,"Meu amigo, dizes? - Não, não! Está bem como um elfo, mas certamente vai continuar."
1095,1geb,"Depois, há o Rollo, o empregado do Gerrick. Grosso como o dia é longo, e preguiçoso para arrancar."
1096,1gec,"O teu amigo Gerrick, o vendedor, estava a falar-me de ti."
1097,1h1a,"Cyrus, não é? Nunca ouvi falar de ti. Deves ser novo por aqui. O meu nome é Favis. Mas toda a gente me chama Todd Howard."
1098,1h1c,"- Olá, velho. Eu sou o Cyrus."
1099,1h2a,Quem é você? Quem é você? Você me parece familiar.
1100,1h2c,"Olá, FAVIS."
1101,1h3a,"O teu nome é Cyrus, não é? Era o que eu pensava."
1102,1h3c,"Favis, meu amigo."
1103,1h4a,"Tem sido melhor, tem sido pior."
1104,1h4c,"FAVIS, como estás?"
1105,1h5a,Pensei que tinhas dito que ias arranjar o meu sino. - Não. - Não.
1106,1ima,Pode ter algo a ver com a Liga Revoltosa. Alguns desses tipos vieram buscar-te há algum tempo.
1107,1imc,Parece que ninguém a viu há meses. Tem alguma ideia do que pode ter acontecido?
1108,1isa,"Claro, uma jovem simpática, também. Irmã, dizes? Mas não a vejo por aqui há muito tempo. Será que ele desapareceu?"
1109,1isc,"A minha irmã, Izara, faleceu. Conheces-a?"
1110,1ita,"Não disse isso, mas agora que penso nisso, não pareciam muito amigos."
1111,1itb,"Ninguém que queiras encontrar, isso é certo. Os seus inimigos têm uma forma de aparecerem mortos."
1112,1itc,A Izara tinha problemas com a Liga Revoltosa?
1113,1laa,"- Não. Deve ter sido um mês ou dois, pelo menos. O seu último grande sucesso foi fazer voar o navio-mor da Richton, aqui no porto."
1114,1lab,"Uma pena, de certa forma. Dizes o que disseres dos Imperiais, eles fazem belas naves. Mas essa pequena travessura custou muito à Liga."
1115,1lac,Quanto tempo passou desde o seu último ataque?
1116,1lad,"Depois, Richton reuniu todos os que tinham falado com um membro da Liga."
1117,1lae,Estava quase certo de que os tinha aniquilado completamente.
1118,1lma,"Eu? Eu? - Não! Se fosse, achas que ainda estaria aqui, com o adorável Governador Richton a atirar todos os ligadoristas conhecidos para as Catacumbas? Nos meus dias, as coisas eram simples."
1119,1lmb,"Um guarda vermelho era leal ao rei e só isso. Toda esta nova política - coroas e Ancestrais, Liga Revoltosa - não é para mim."
1120,1lmc,Não estás na Liga Revoltosa?
1121,1lxa,"- Eu também não. Aquele Lakene, por outro lado, é o jovem mais hábil que eu conheci."
1122,1lxb,Pode arranjar qualquer coisa. Também pareces um palerma. Talvez possas dar uma olhada por mim?
1123,1lxc,Não sei se conheci Lakene.
1124,1noa,"Nem o Prnell, mas isso não o impediu, pois não? - Está bem."
1125,1noc,"Não sei muito sobre sinos, receio."
1126,1oqa,"As Coronas deram a sua última resistência lá, depois do dragão ter destruído a frota de A'tor. - Bravuras sem sentido. Deveriam ter feito o que a Liga fez."
1127,1oqb,"E eles se agarraram até que os imperadores baixaram a guarda. Em troca, caíram lutando, heróis da Guarda Vermelha, mas mortos de todas as maneiras."
1128,1oqc,Conta-me o que aconteceu no Casco Velho.
1129,1p1a,"Morreu em batalha, como um antigo herói da Guarda Vermelha. Ouvi histórias de que ele não está morto, mas isso é tudo tolice."
1130,1p1c,O que aconteceu ao Príncipe A'tor?
1131,1p2a,"Falei com marinheiros do Garamar, segundo na linha de batalha atrás do navio-mor de A'tor."
1132,1p2b,"Foi visto a bordo, quando o dragão acendeu o barco como um fogo de festa. Não havia sobreviventes do navio-mor, nem um."
1133,1p2c,- Eu realmente...
1134,1pra,"- Amigo? - Não. - Não! É cego como um morcego, mas vai deixar-me abanar a bandeira? Não, não, não. É muito sufocante lá em baixo, diz ele."
1135,1prb,"Diz que caíste da cadeira. Sempre há uma desculpa. Agora, ele foi e bateu o sino. Não sei porque é que aguento isto."
1136,1prc,Prnell? Um amigo teu?
1137,1r1a,Não pareces um dos seus espiões.
1138,1r1c,O que me pode dizer sobre o Governador Richton?
1139,1r2a,"De qualquer forma, sou demasiado velho para me preocupar com essas coisas. - Não. Porque é que me preocupava?"
1140,1r2c,Não se preocupe.
1141,1r3a,"Oh sim: bom soldado, talvez, mas uma besta sanguinária de governante. Ele gosta de ter o Stros M'Kai sob o seu pulso, ele gosta. Não vai ficar muito dele quando acabar."
1143,1rla,Às vezes tenho de tocar o sino cinco minutos antes de ele acordar e começar a andar.
1144,1rlb,O Gerrick manda-me ver se o Rollo se levanta antes que ele pare de tocar o sino.
1145,1rlc,Este Rollo parece um tipo interessante.
1146,1rld,"Não sei porque não lhe dou um pontapé nas calças, seria mais fácil."
1147,1rxa,"Não muito. Nacionalistas Guarda Vermelha, devoradores de fogo... Mais do que a maioria da Coroa poderia suportar. - Não ."
1148,1rxb,Mas ficaram em silêncio desde que o centro histórico foi incendiado. Pergunto-me porque é que eles decidiram atacar o teu navio.
1149,1rxc,A minha nave foi atacada por dois membros da Liga Revoltosa perto de Stros M'Kai. O que me pode dizer sobre eles?
1150,1sma,"Tão maus quanto podem ser. Parece calmo agora, não é? A paz do túmulo, é... A maioria dos jovens mortos ou fugidos."
1151,1smb,"Antigamente, este era o movimentado coração sul de Hammerfell. O porto cheio de barcos, marinheiros de todo o lado a andar pelas ruas."
1152,1smd,"O que vês agora é o fantasma do velho Stros M'Kai. Morto, mas ainda não sabe."
1153,1smc,"Como estão as coisas em Stros M'Kai, sob ocupação imperial?"
1154,1tha,"- Nem eu. Os Ancestrais preferiram Thassad ao seu filho A'tor, um conhecido simpatizante da Liga. O próprio Thassad não tinha paciência com a Liga."
1155,1thb,"Chamaram-lhes terroristas... Pode ser verdade, mas mostraram mais bom senso do que os Coronas nesta confusão sangrenta."
1156,1thc,"A morte do Rei Thassad foi inconveniente para muitos, mas nunca ouvi falar de jogo sujo."
1157,1xza,Esse Rollo. Às vezes tenho de tocar o sino cinco minutos antes de ela acordar e se mexer.
1158,1xzb,Isso é uma treta. Às vezes tenho de tocar o sino cinco minutos antes de ele acordar e começar a andar.
1159,1xzc,Descanse. Não há nada de errado com este sino.
1160,1ysa,Bom rapaz!
1161,1ysc,"Claro, eu adoraria."
1163,1zz2,"Ei, jovem."
1165,1zz4,Oh?! Já vi! O Prnell deixa-te a abanar a bandeira! E porquê?
1166,1zz5,"Porque é um infiel, rancoroso, negro-cérebro... - Não! Que vale a pena mamar a mama dele!"
1167,1zz6,Não toques na corda do sino! A menos que queiras ser lembrado como o vilão cobarde que assassinou um velho gentil e obediente só para poder fazer figura de parvo com o sino daquele bom homem.
1168,1zz7,"Um espadachim, não é? Vai mamar a mama da tua mãe. Não me incomode."
1169,2603,"Izara é apenas mais uma entrada no livro das almas perdidas, Mestre Cyrus! Agora pertence ao grande Lord Vile!"
1170,2605,"Ela apostou a alma dele, em troca de serviços, e, como não tinha uso imediato, ele a deu a Lord Vile."
1171,2607,"Iszara chegou lá há três meses, implorando-o para a ajudar a libertar o príncipe A'tor da gema alma. A menina escura tinha até trazido a gema da alma com ela."
1172,2608,"Este lhe disse que o acto poderia ser realizado, mas, conhecendo a aflição de um cliente, foi bastante franco sobre o alto preço de tais serviços."
1173,2610,"Isso é impossível, claro."
1174,2611,"Há muito tempo, a alma dela foi entregue a Clavicus Vile, Senhor Daedra, patrono, em cujo reino distante reside agora a alma da tua irmã."
1175,2612,"Este admite ter sido um intermediário na sua parte do trato, pois a força vital do príncipe ainda repousa dentro da alma da gema.--"
1176,2613,A mesma gema da alma que adorna o amuleto que entregaste ao Lord Richton.
1177,2614,"Ah, bem... Este tem anos para cumprir o acordo."
1178,2615,E parece-te mesquinho negar a Lord Richton o prazer de levar a alma do seu inimigo derrotado como se fosse uma mercadoria? Não acha?
1179,2617,Ou...
1180,2619,"Agora, agora. Deixa a tua irmã servir de exemplo, Cyrus. Repetirias os erros dele a brincar com esta? E propõe intimidar o Lord Vile a desistir da alma da sua irmã? Considere isto..."
1181,2621,- A sério? O que poderia incomodar este?
1182,21da,Este é o mais complicado!
1183,21dc,Ele vai entregar o amuleto por ti.
1184,21na,"Não fales mal, mortal, do Senhor deste, o Rei dos Vermes, pois a sua graça concede estas despesas como preciosos preços de caça deste."
1185,21nc,"Ele pensava que Hammerfelde estava infestado de necromancia só no norte, onde o Sentinela dormia numa sombra semelhante."
1186,22da,"Reconhecendo a discrição do Governador em diversos assuntos, deseja presentear a Sua Eminência com um amuleto único que acredite a sua alta consideração nos assuntos do Império."
1187,22dc,Entrega-o.
1188,22na,"Ciro. Que homens - PERGUNTA-SE ESSE - ou mulheres parecidas - para me violarem? Todos foram mortos na guerra, e os mortos agora servem a esta sem protesto."
1189,22nb,"O Guild de Magos reclama, como é costume, quando os seus praticantes desafinam o seu domínio, mas o Governador considera as preocupações dele acima das suas."
1190,22nc,Os homens desta ilha não praticam a sua prática suja?
1191,23da,"Ele contratou um tipo como intermediário, sem a sua iniciativa directa... Mas disse-lhe o companheiro que lhe pagará generosamente quando tiver realizado este serviço."
1192,23dc,Vou fazer isso.
1193,23na,Este é melhor amigo que inimigo.
1194,23nc,A quem é que devo?
1196,260b,"Em troca da sua alma, ela concordou em libertar o seu amado Príncipe A'tor. Talvez considereis as minhas taxas demasiado caras, mas não pode o cliente julgar melhor o verdadeiro valor de um serviço?"
1197,2a1a,"Perdeu-se na guerra, protegendo a coroa e foi perdido no mar. Lamento que a armadilha não tenha sido colocada, então, pode ser que a alma esteja pronta para... CULTURAR... Durante todas as noites."
1198,2a1c,O que aconteceu ao arqui-magia?
1199,2a2a,"- Escasamente. Ele era conhecido pelos seus atributos, não pelas suas habilidades triviais. Os seus artefatos mágicos, sem dúvida... Podem ser dignos de atenção."
1200,2a2c,"Era poderoso, então, este arqui-imago?"
1201,2a3c,Agora mesmo vou pôr-me a ele.
1202,2ama,"Um diamante vermelho este encontrou entre muitos tesouros, e julga-o apropriado para um servo do Império, que poderia enfeitar talhas de símbolos em seus estandartes."
1203,2amb,"E o cenário do dragão é muito adequado para honrar o governador cujo comando de uma besta tão grande obteve a vitória sobre Stroz M'kai, e pôs Hammerfello nas mãos do imperador."
1204,2amc,O que é este amuleto que dás ao governador?
1205,2b1a,"Adeus, Ciro. Um prazer fazer negócios contigo."
1206,2b1c,"Adeus, N'Gasta."
1207,2b2a,Não negligentes o teu serviço a este!
1208,2b2c,Vou pensar um pouco. - Até logo.
1212,2d1a,"Claro, mas as respostas deste não têm de ser a tua única recompensa."
1213,2d1c,Eu posso fazer isso. Mas tenho algumas perguntas para ti primeiro...
1214,2d2a,"Ele contratou um tipo como intermediário, sem a sua iniciativa directa... Mas disse-lhe o companheiro que lhe pagará generosamente quando tiver realizado este serviço."
1215,2d2c,O que queres dizer?
1216,2dla,Já reconsideraste a oferta deste?
1217,2dlc,Sobre esta entrega de novo...
1218,2ema,"Este não é nem desatento ao império, nem ansioso por levar a corrida. Mas o governador provou ser um homem honrado."
1219,2emb,"Assim, ela lhe oferece este presente, para encorajá-lo a prestar atenção aos assuntos dos vivos, deixando-me o resto."
1220,2emc,Preocupou-se muito com a chegada do Império?
1221,2gva,"É um generoso mecenas, que envia um fluxo constante para este, incluindo a guerra já terminada. As suas políticas trazem benefícios, e, finalmente, pelo amuleto que a sua generosidade seja reconhecida."
1222,2gvc,O que me pode dizer sobre o Governador?
1223,2h1a,"Cyrus! Não! Este é o N'Gasta, o necromante de Stros M'Kai."
1224,2h1c,Já nos conhecemos?
1225,2h2a,O empreiteiro informou-o da sua chegada iminente.
1226,2h2b,Este oferece-te o amuleto que vai ser entregue.
1227,2h2c,- Ele fez isso?
1228,2h3a,Certifica-te da segurança dele. Entrega-o pessoalmente. O empreiteiro pagará o resto das suas taxas quando o assunto estiver resolvido.
1229,2h3b,Um empreiteiro informou-me das suas reservas sobre as condições do meu emprego.
1230,2h3c,"Com o Governador, não é?"
1231,2h4a,"Esta esperava que reconsiderasses... E, para alegria desta, apareces aqui!"
1232,2h4c,- Ele fez isso?
1233,2h5a,"Então, estás a procurar aqui? Deves pensar que ela está morta, ou isso deve inferir este."
1234,2h5c,Só estava... Explorando. A minha irmã está perdida aqui em Stros M'kai.
1235,2h6a,"O nosso querido Governador é a sua autoridade temporária nos estados de ser - o ser da sua irmã em questão, certo? Mas uma audiência com o grande homem é... quase impossível."
1236,2h6b,Este arrisca-se a que a sua entrega do amuleto interrompa uma conversa.
1237,2h6c,É melhor que não seja.
1238,2h7a,Ele espera para falar com você longo e alongado... Mais tarde... Depois de o amuleto ser entregue.
1239,2h7b,Já reconsideraste a oferta deste?
1240,2h7c,"Olá de novo, N'Gasta."
1241,2h7d,Muito bem. Como quiser.
1242,2h8c,Vais falar comigo agora.
1243,2i1a,"Outras almas que este último reuniu, sussurraram o nome."
1244,2i1c,Conheces uma mulher chamada Izara?
1245,2i2a,"Então conta a tua irmã entre os vivos, pois ainda não está fria, ou esta é a boa concessionária."
1246,2i2c,É a minha irmã.
1247,2ipa,"Como tu queres, Ciro, mas ele continua à espera do teu serviço."
1248,2ipc,Agora mesmo passo. Não quero entraves imperiais para sempre.
1249,2j1a,"Uma lança de almas de sua própria invenção, que recolhe as almas perdidas e as leva lá."
1250,2j1c,"Tens a ilha encantada, N'Gasta?"
1251,2j2a,"Ele sente-se confortável com as armadilhas da sua profissão, embora as suas vítimas não estejam tão confortáveis."
1252,2j2c,"Para experiências estranhas e terríveis, sem dúvida."
1253,2j3a,O seu ser inteiro é tão misterioso para ela como para si. Pergunta noutro sítio.
1254,2j3c,É melhor a minha irmã não estar entre eles.
1255,2mga,"Tão pouco subtilidade, tão pouco problema, REDGUARD. Quanto à inimizade da guilda... Com o seu arqui-maço morto na poeira do mar, a sua impotência engendra rancor contra as mestras deste."
1256,2mgc,Por que o Guild of Magicians te odiava? Fora das razões óbvias?
1257,2n1a,"Como tu queres, Ciro, mas ele continua à espera do teu serviço."
1258,2n1b,Permitam-me expressar o meu interesse pessoal pelos seus assuntos insulares e fazer-lhes notar que a sua chegada aqui merece uma consideração especial.
1259,2n1c,"Vou encontrar o meu próprio caminho para o palácio do governador, obrigado. Não tenho tempo para fazer trabalhos."
1260,2n2a,O primeiro é o primeiro. Ele quer um agente para realizar uma missão importante.
1261,2n2c,Conheces uma mulher chamada Iszara?
1262,2n3a,Este jura solenemente revelar toda a sua sabedoria.
1263,2n3c,E depois falaremos de Iszara?
1264,2n4a,"Reconhecendo a discrição do governador em diversos assuntos, deseja presentear a Sua Eminência com um único amuleto que acredite a sua alta consideração nos assuntos do Império."
1265,2n4c,"Vamos, então."
1266,2o1a,"Um homem entrou em minha rede astral, tendo-se separado deste mundo não faz muito."
1267,2o1b,"Deixando o abrigo, esta especulação... Mas muito duvidoso, é conveniente."
1268,2o1c,Como poderia um membro do templo ser apanhado quando trabalha no mesmo refúgio que ele é oposto?
1269,2o2a,"Bom, três grandes luas. - Não."
1270,2o2c,Há quanto tempo foi isto?
1271,2o3c,Foi mais ou menos quando a minha irmã desapareceu.
1272,2q1a,"Quanto tempo na lenda? Este veio nos melhores anos do THASSAD, e foi dado o bom nome destes bancos sujos. Naquela época, era apenas um conto de fadas, um escalão num enigma."
1273,2q1c,Há quanto tempo vive em Stros M'kai?
1274,2q2a,"Desde o fim da guerra. Como é que você pode desconsiderar algo tão rico? O mar estava cheio de mortos, as marés iam ao redor do mundo."
1275,2q2b,"Então ele conjurou uma rede para apanhar todos, estas almas perdidas e desvendadas-violentas. Desde então, a presença deste tem sido bem conhecida aqui... Talvez também um pouco assustada."
1276,2q2c,De que é melhor que uma lenda?
1277,2r1a,Imagina o impossível. Esta é divertida pela tua imaginação.
1278,2r1c,Imagino que seja difícil chegar a esta ilha de barco.
1279,2r2a,"Este nunca se sente ameaçado, CYRUS... Mas, sim, esta conhece bem a liga."
1280,2r2c,"Então, provavelmente nunca é ameaçado pelos Piratas da Liga Revoltosa?"
1281,2r3a,Este já contabilizou muitas de suas almas rebeldes no presente reino.
1282,2r3c,- Você faz isso?
1283,2r4a,O que acha de um dourado que leva no bolso? Julga melhor esta moeda que outra se ambos gastarem o mesmo?
1284,2r4c,O QUE acha deles?
1285,2r5a,O teu engenho conta muito bem.
1286,2r5c,"Todos os mortos são moeda de troca, então."
1287,2s1a,"Se os mortais soubessem o poder que possuem, e como é tão inestimável, uma graça inexplicável concedida pelos deuses externos que provêem em excesso e sem boa orientação."
1288,2s1b,"Se soubessem, esforçariam-se tanto para preservar o interior como o seu precioso exterior, essa pele nua que escorre facilmente e que se marchita como o papel diante da chama."
1289,2s1c,O TRADE ILÍGICO DE ALMAS. Como funciona?
1290,2s1d,Porque esta é a verdade: o corpo abriga o que não pode suportar por muito tempo.
1291,2s2a,"Em suma, o Cazalmas captura os espíritos dos desavisados que negligenciam a santidade das suas almas."
1292,2s2c,Que responde pouco...
1293,2sna,- Você é estudante? - Não. Como o Quaint...
1294,2snb,"A imagem vem-me à cabeça dos sabres do éter, de homens grandes e jadeantes, patrulhando as portas próximas da morte, alertas em busca do rastro do espírito infeliz."
1295,2snc,"Estou curioso, N'Gasta. Como funciona o caçador de almas?"
1296,2snd,"Mas admitam ser um Gato Artesão muito mais insidioso do que isso: A rede é um canto de sirene da semiótica, a adivinhação dos sinais de desvanecimento dos mortos, e a elaboração deles um sinal --"
1297,2sne,"Uma porta com suas ruínas feitas pela alma. Que a alma se agita grata na rede que a espera, faz céus tecidos com os ténues anseios do espírito."
1298,2sva,O negócio desta alma não é da tua conta. Que os senhores da daedra vejam com bons olhos um negro... Não devia surpreender-te.
1299,2svc,De que te servem estas almas tão recolhidas?
1300,2t1a,"Morreu na Sentinela, não em Stros M'kai, e por isso estava fora da rede de captura deste, e antes deste tempo aqui também."
1301,2t1c,"Conheça o Rei digno, então. Também tens um folheto no teu saco?"
1302,2t2a,"E além disso, Thassad teria viajado até aos deuses, de qualquer maneira, mas era ágil e prudente:"
1303,2t2c,"- É verdade. O teu caçador de almas subiu durante a guerra, quando o Thassad já estava morto."
1304,2t3a,"A armadilha só atinge os desatentos, os espíritos não protegidos por rituais sagrados ou os enterrados em terra profana."
1305,2t3b,"Então, se quiser evitar esta armadilha, morra perto do templo, ou longe das costas da ilha."
1306,2t3c,Que diferença haveria?
1307,2tka,"Como tu queres, Ciro, mas ele continua à espera do teu serviço."
1308,2tkc,"Estou sempre a pensar nele, N'Gasta."
1309,2tma,A essa obra do diabo. Os bons irmãos de Arkai têm uma perspectiva diferente sobre a moeda da alma.
1310,2tmb,"Esforçam-se para pastorear o seu retorno, enquanto este... Prefiro gerir rebanhos com fins de lucro. Ou devemos dizer, o 'único' bom irmão de Arkay, JA, JA... Já que só resta um."
1311,2tmc,"Assim, o templo é o seu principal concorrente na zona."
1312,2tna,"Como tu queres, Ciro, mas ele continua à espera do teu serviço."
1313,2tnc,"Estou sempre a pensar nisso, N'Gasta."
1314,2w1a,Este é o mais complicado!
1315,2w1c,Ele vai entregar-te o amuleto.
1316,2w2a,"Reconhecendo a discrição do governador em diversos assuntos, deseja presentear a Sua Eminência com um único amuleto que acredite a sua alta consideração nos assuntos do Império."
1317,2w2c,Entrega-o.
1318,2w3a,"Ele contratou um tipo como intermediário, sem a sua iniciativa directa... Mas disse-lhe o companheiro que lhe pagará generosamente quando tiver realizado este serviço."
1319,2w3c,É o que vou fazer.
1320,2x1a,"Este não come as sobras da mesa de ninguém, Guarda Vermelha. CLAVICUS VILE concede favores a este com cada alma que lhe é enviada."
1321,2x1c,Então o grande negro está a correr atrás dos senhores do inferno? Porque estão sempre no topo da cadeia alimentar diabólica?
1322,2x2a,"Não te metas com esse nome, mortal."
1323,2x2c,"CLAVICUS... VILE? - Não, por favor."
1324,2x3a,"Os Daedra nasceram antes das estrelas, Mortal. Você acha que tantas vezes tais nomes precederam, e por isso tantas vezes inspiraram, os conceitos que conhecem?"
1325,2x3c,"- Não, não. Desculpa-me, preto. Pareceu-me um nome demasiado sutil, é só isso."
1326,2y1a,"Reconhecendo a discrição do governador em diversos assuntos, deseja presentear a Sua Eminência com um único amuleto que acredite a sua alta consideração nos assuntos do Império."
1327,2y1c,"Vou aceitar o trabalho, suponho. Explique-me outra vez."
1328,2y2a,"É suposto, mas as respostas deste não têm de ser a sua única recompensa."
1329,2y2c,"Está bem, está bem. Mas gostaria de lhe fazer algumas perguntas primeiro..."
1330,2y3a,"Ele contratou um tipo como intermediário, sem a sua iniciativa directa... Mas disse-lhe o companheiro que lhe pagará generosamente quando tiver realizado este serviço."
1331,2y3c,O que queres dizer?
1332,2zz1,"Bem-vindo, convidado."
1333,2zz2,Este saúda-te.
1334,2zz3,"Aproxima-te, personagem."
1335,2zz4,"Vamos, Cyrus. Este tem o que procuras."
1336,31gc,- É uma brincadeira. Vou dizer-te no caminho. Conta o plano à tua mãe.
1339,31sc,"O que me podes dizer sobre as gemas da alma, Saban?"
1341,32gc,Não tenho a certeza. Vou ter de verificar primeiro.
1342,32sc,"És assim tão poderoso, Saban?"
1357,3b1c,"Obrigado, Saban."
1359,3b2c,- Até logo.
1366,3e1c,Será difícil defender-se do Império.
1367,3e2c,O que é que ele disse?
1370,3g1c,"Sabem, preciso da vossa ajuda com esta Pedra da Alma."
1371,3g2c,Esta alma é do Príncipe A'tor e tenho o seu corpo.
1372,3g3c,"Sim, mas está rodeado por uma espécie de campo de estase."
1375,3g4c,"O mago do príncipe, Voa"
1376,3g5c,Está bem...
1378,3g6c,"- Sim, eu sei. Está no templo."
1379,3g7c,Não te preocupes. Posso meter a tua mãe entre os guardas.
1380,3g8c,"Não, não, não. Preciso de ti para conseguir a Liga."
1381,3g9c,"Sim, mas temos de nos despachar. Vai ao farol e dá-lhes um sinal. Diz-lhes que é hora da revolução"
1388,3h1c,Diz-lhe que foi um prazer.
1390,3h2c,"Olá, Saban."
1397,3hac,Porque é que o Iszara estava com a Hayle?
1400,3hec,Que tipo de ajuda pode dar?
1403,3i1c,"Talvez me possas ajudar a encontrar a minha irmã, Iszara."
1405,3i2c,"Sabem, poderiam falar-me da Liga Revoltosa?"
1408,3s1c,Planeia ficar aqui em Stros M'Kai?
1412,3s2c,Mas o Necromante está morto. Tenho a certeza que a magia dele passou.
1413,4h1c,Desculpe. É o Arquimago?
1414,4h2c,Dás-me um minuto?
1415,4h3c,Isto não vai demorar muito.
1416,4h4c,Estava a pensar...
1417,4h1a,"Deixa-me, por favor. Tenho muito que fazer."
1418,4h2a,És um rapaz lento? - Vai-te embora!
1419,4h3a,O teste do Battlespire está à minha espera. Não tenho tempo para ti agora. Vai-te embora.
1420,4h4a,Não me faças cair! Agora deixa-me!
1421,4420,- O que é isto?
1422,4422,Queres que o Império encadeie toda a guilda? Não se pode falar disto!
1423,4424,Não vais embora até eu ter a certeza de que nunca mais dirás uma palavra do que aprendeste. E tenho um meio perfeito... e muito satisfatório... De garantir a sua discrição..
1424,4h5a,"Não me apontes esse brinquedo, idiota."
1425,5ama,Isso é entre o N'Gasta e o Governador. Só me pagam por encontrar um repartidor.
1426,5amc,Alguma ideia do porquê deste amuleto?
1427,5b1c,Falamos mais tarde.
1428,5cha,"É um bom dinheiro o que estás a desperdiçar, Cyrus, ainda a andar por aqui!"
1429,5chb,"Olá, Cyrus. - Olá, meu Deus."
1431,5coa,Temos aqui alguém que precisa de ajuda. Por ali temos alguém à procura de trabalho.
1432,5cob,E como estão? É aí que eu entro.
1433,5coc,Chamas-te a ti mesmo de empreiteiro. O que significa isso?
1434,5cra,Sempre me mantive fora da política. É mau para os negócios.
1435,5crb,"Coroa, Ancestral, não me importa, desde que a moeda seja verdadeira! A minha filosofia é: o feito, o feito é, vive e deixa viver, a grama é sempre mais verde, sabes?"
1436,5crc,Parece que os Crown estão a ter uma má maneira de aceitar a derrota.
1437,5dra,"O nosso amigo lagarto local, não é que tenha nada contra ele. Ou ela... O que quer que seja."
1438,5drb,"Nunca se sabe com esses Argonianos. Dirige o Draggin Tale, a taberna na praça da cidade."
1440,5dta,O único poço de água da cidade! Segue as rampas para cima até à praça da cidade.
1441,5dtb,Um conselho de amigo: cuidado. Os Ancestrais são muito sensíveis hoje em dia.
1442,5dtc,Estou com um amigo no Dragin' Tale. Pode dizer-me como chegar?
1443,5fia,Claro que sim! Estou a... Estou surpreso por te ver! Ouvi dizer que houve algum mal-entendido com o Governador. Talvez os imperiais estivessem à tua procura?
1444,5fib,"Nunca dei ouvidos a rumores, de qualquer forma. Aqui estão os teus 200 de ouro, como prometi."
1445,5fic,Entreguei o amuleto como quiseste. Acho que me deves dinheiro.
1446,5fra,Podia dizer-se que sim. Mas não lhe devias dizer isso à cara. Eles são muito sensíveis ultimamente.
1447,5frc,"Suponho que os antepassados ainda estejam a saborear a vitória na guerra civil, não é?"
1448,5fta,Claro que o fizeram! E os Ancestrais gostam de rebentar o Draggin' Tale caso alguém duvide.
1449,5ftb,"Algumas coroas pouco generosas gostam de apontar para as bandeiras imperiais que se agitam sobre o palácio e os soldados imperiais que patrulham as ruas. Mas não é da minha conta, ja, ja!"
1450,5ftc,"Estive no Norte durante anos, mas estava bastante certo de que os Ancestrais ganharam a guerra."
1451,5fxa,"Apanha-os, rapaz!"
1452,5fxb,"Isso é ensinar, Redguard!"
1453,5fxd,"Mais vêm aí, rapaz!"
1454,5gpa,"Mesmo no topo da colina. Não tem perda. A mais grandiosa estrutura de Stros M'Kai, talvez de todo Hammerfell."
1455,5gpb,Era uma atração turística antes dos... incidentes recentes lamentáveis.
1456,5gpc,Onde posso encontrar o Palácio do Governador?
1457,5gra,Agora é melhor afastar-se de mim...!
1458,5grb,Vai incomodar outra pessoa.
1459,5grd,Não percebo uma palavra!
1460,5gre,O que foi aquilo?
1461,5grf,"Algum mago perdeu a sua família, rapaz? Vai já! Volta para a guilda!"
1462,5grg,"Voltar a mudar de roupa...?! Que bruxaria é esta? A um mago contigo, gremlin! Vai-te embora!"
1463,5h0a,"Cyrus, tu é que ias entregar o amuleto. Tínhamos um acordo."
1464,5h0c,"Kotaro, olá"
1465,5h1a,"Olá, marinheiro! Posso falar contigo?"
1466,5h1b,"Saudações, estranho! É o homem que eu procuro!"
1467,5h1d,"- Tu! - Não! Uma palavra, por favor!"
1468,5h1e,"Saudações, estranho!"
1469,5h2a,"A questão é, o que posso fazer por ti? O jovem forasteiro da cidade, destemido, despreocupado e sem pretensões, um pouco leve de bolsa, talvez."
1470,5h2b,"Tenho uma proposta que lhe pode parecer atraente. Mas primeiro, permita-me apresentar-me: Kotaro, contratado de Stros M'Kai, ao seu serviço!"
1471,5h2c,"O que posso fazer por ti, amigo?"
1472,5h3c,"Cyrus, encantador."
1473,5h4a,"- O quê? - Não, não. - Não. Como é que ele era, então? - Não, não."
1474,5h4c,"E, já aceitei o trabalho do próprio necromante."
1475,5h5a,- Que maravilha! Aqui estão os teus 100 de ouro. Vou ter o resto para ti depois de entregares o amuleto ao Governador.
1476,5h5c,É um verme gordo e baboso.
1477,5h6a,"Então, és o Cyrus de que ouvi falar. Como é que..."
1478,5h6c,"E, já aceitei o trabalho do Necromante em pessoa."
1479,5h7a,Claro que sim! Estou a... Estou surpreso por te ver! Ouvi dizer que houve algum mal-entendido com o Governador.
1480,5h7b,"Talvez os imperiais estivessem à tua procura? Mas nunca acredito em rumores. Aqui estão os teus 200 de ouro, como prometi."
1481,5h7c,E já entreguei o amuleto ao Governador. Parece que me deves dinheiro.
1482,5h8a,"- Não, não. Quase me esqueci do adiantamento original! Aqui tens mais 100 oros. Espero que tenhas tempo suficiente para gastar."
1483,5h8c,Isto é tudo o que valeu a pena?
1484,5h9a,"Olá, também, Cyrus!"
1485,5h9c,"Contarei, olá."
1486,5isa,Receio que não a conheça. Sou apenas um simples trabalhador!
1487,5isb,Poderias tentar com o Dreekius no Dragin' Tale. Quase toda a gente em Stros M'Kai passa pela sua porta eventualmente.
1488,5isc,"Pergunto-me se conheces a minha irmã, Iszara. Vim a Stros M'Kai para saber o que lhe aconteceu."
1489,5lga,Malditos sejam eles e seus costumes sangrentos! Fizeram mais para arruinar Stros M'Kai do que os Ancestrais e o Império juntos.
1490,5lgb,"Se não fosse por eles, esta cidade estaria em paz há meses."
1491,5lgc,O que sabe de um grupo de bandidos que se chamam Liga da Inquietud?
1492,5lra,Queimando ou saqueando metade das cargas que chegam a este porto! Incitando os imperiais a uma repressão cada vez mais cruel!
1493,5lrb,"A Liga não parece perceber que a guerra acabou, e eles perderam."
1494,5lrc,Como é que a Liga Inquieta é responsável por arruinar Stros M'Kai?
1495,5lwa,Depende de quem perguntar. - Não sei. - Não sei.
1496,5lwb,"Não sou um dos seus cavalheiros políticos, sempre metido nos assuntos dos outros... Sou apenas um pobre trabalhador."
1497,5lwc,Estás a dizer que a Liga estava aliada às Coroas?
1498,5lwd,"Melhor pássaro na mão, como dizem, ja, ja!"
1499,5nga,"Um velho eremita inofensivo. Os mais supersticiosos dos meus concidadãos repetem boatos estúpidos sobre ele, mas eu não acredito nos seus contos."
1500,5ngb,Vive na torre do velho mago. Só tens de seguir as águas baixas do lado noroeste da ilha.
1502,5noa,"Pergunta, meu bom Cyrus. Não tenho nada a esconder."
1503,5noc,"Estou a considerar. Primeiro, gostaria de fazer algumas perguntas adicionais."
1504,5oca,"É melhor do que a guerra, meu jovem amigo. Mas não vou mentir."
1505,5ocb,"Hoje em dia é difícil encontrar mão de obra honesta. Os antepassados preferem sorrir a levantar, e as coroas já não têm as costas para isso."
1506,5occ,Não vou a Hammerfell desde antes da guerra. Gostas de ser cidadão do Império?
1507,5p1a,"Como disse, tive problemas para contratar para este trabalho, por isso estou a aumentar a taxa um pouco."
1508,5p1c,Quanto é que ofereces por este trabalho?
1509,5p2a,"O pagamento é proporcional ao perigo. A Torre de N'Gasta não está exactamente na estrada principal, sabes?"
1510,5p2b,"Então, pode ter alguns problemas para chegar. Nada que não possas lidar, tenho a certeza."
1511,5p2c,Isso é bastante alto para uma simples entrega. Qual é o truque?
1512,5spa,"Oh, sabes, chamam-lhe necromante, falam dele roubar almas de pessoas, exércitos de mortos-vivos, esse tipo de coisa."
1513,5spb,Nada com que um tipo bem armado como tu deva preocupar-se.
1514,5spc,Que superstições têm os locais sobre este N'Gasta?
1515,5w1a,Uma tarefa simples. Recolher um amuleto de N'Gasta e entregá-lo no Palácio do Governador.
1516,5w1b,"Para ser honesto, tive dificuldade em encontrar alguém que aceitasse o trabalho."
1517,5w1c,Fala-me deste trabalho que tens para mim.
1518,5w1d,Mas tenho a certeza que um homem robusto como tu não presta atenção a superstições locais.
1519,5w2a,Estás interessado?
1520,5w2c,Refresque-me a memória sobre o trabalho para o qual me contratou.
1521,5xx1,Sai daí!
1522,5xx2,"Guarda essa espada, Redguard. Isto não é um pátio de treino!"
1523,5ysa,- Que maravilha! Aqui tens os teus 100 oros. Vou ter o resto para ti depois de entregares o amuleto ao Governador.
1524,5ysb,"Estou certo de que não terás problemas, mas, uh, provavelmente queres fazer isto durante o dia."
1525,5ysc,- Claro que sim. Vou aceitar o trabalho.
1526,5zz1,"Acabaste o trabalho, meu?"
1527,5zz2,"Olá, amigo."
1528,6b1c,Falamos mais tarde.
1529,6bka,Volto para dentro de um rato. Vou ver o que posso fazer.
1530,6bkc,- Está bem. Quando o mapa estará pronto?
1531,6bma,"Desculpa, não vendo a retalho. Só trabalho por encomenda. Mas talvez eu possa fazer um mapa para si?"
1532,6bmc,Tem mapas à venda?
1533,6cva,"Essa é a questão, não é? Não as vais encontrar no teu mapa comercial barato, pois não? Isso é um verdadeiro mistério para você refletir."
1534,6cvc,Onde posso encontrar essas cavernas de que falas?
1535,6dda,"Vês o que quero dizer? Não são mitos. Reais, tão reais como a pedra e o metal. Quem achas que construiu essas ruínas?"
1536,6ddb,"Todos desapareceram há milhares de anos, e ninguém sabe porquê. Mas isso é outra história. Do que é que estávamos a falar?"
1537,6ddc,Não sei muito sobre anões. Sempre pensei que fossem criaturas míticas.
1538,6dra,"Um pouco mais famosas que as cavernas, mas se não forem elfos, ninguém se importa."
1539,6drb,"Um dos grandes mistérios dos tempos, o desaparecimento dos anões, mas em vez disso é o frasco de Lillandril isto, o frasco de Lillandril aquilo."
1540,6drc,Fale-me mais sobre estas Ruínas Ananas.
1541,6eba,Deixa-me ver... - Raios partam. Outra vez isto. J'ferr deve ter vendido esta cópia anotada de Artefatos Elficos dez vezes.
1542,6ebb,"E sempre acabam aqui... Podes fazer-me um mapa? Dizem. Porque é que toda a gente está tão louca por um tesouro elfo perdido? Desculpe, mas hoje estou muito ocupado."
1543,6ebc,Pergunto-me se se pode tirar alguma coisa disto. Parecem-me anotações de um mapa.
1544,6esa,O que é que eu acabei de dizer! - Saiam daqui! - Saiam daqui! Pára de me perguntar por aqueles malditos elfos!
1545,6esc,Estás a dizer que o frasco chegou a Stros M'Kai num barco elfo?
1546,6exc,Pergunto-me se se pode fazer um mapa com este livro. Estou disposto a pagar pelo mapa. Com prazer. Apenas diga o seu preço.
1547,6fla,"Os ossos de Hunding, claro que sim! Os caçadores de tesouros vêm aqui de todo Tamriel, a cavar e a escarvar sem fim."
1548,6flb,"Dizem que há um mapa do tesouro a flutuar por aí, mas eu não acredito."
1549,6flc,Já ouviste falar do frasco de Lillandril?
1550,6gma,"Não estás a ouvir-me, pois não? Elfos, elfos, elfos! É tudo o que te ocorre? O que sabes do frasco de Lillandril? O navio dos elfos afundou-se mesmo em Stros M'Kai?"
1551,6gmb,"Se não tem a ver com elfos, ninguém quer saber. Por minha parte, estou farto dos elfos e dos seus costumes misteriosos. - Não, não. Não me faças começar."
1552,6gmc,Prefiro ficar com o livro. Posso pagar-te por fazeres o mapa?
1553,6gva,Não quero falar sobre estas coisas.
1554,6gvc,A vida é tão dura sob o Governador Imperial?
1555,6h1a,"Não, não! - Não, não. Tu e os teus elfos preciosos! - Não!"
1556,6h1c,"Maiko, posso falar contigo um minuto?"
1557,6h2a,"Vai, vai, estou a tentar trabalhar! Queres que eu termine ou não?"
1558,6h2c,"Maiko, o meu mapa está pronto?"
1559,6h3a,"Sim, aqui está. Quem fez estas anotações era obviamente um cartógrafo treinado, provavelmente da escola de Mandri, a julgar pelas medidas de correção do erro transversal."
1560,6h3b,"Que este mapa lhe sirva bem, jovem senhor."
1561,6h3c,"MAIKO, o meu mapa está pronto?"
1562,6h4a,"Não há muitos jovens por aqui, especialmente não tão bem falados como tu. Sou a Maiko, a cartógrafa local. Em que posso ajudá-lo?"
1563,6h4c,"- Bom dia, senhor. O meu nome é Cyrus."
1564,6h5a,"Olá, Cyrus. - Olá, minha senhora. Algo que eu possa fazer por ti."
1565,6h5c,"Olá, Maiko."
1566,6isa,Receio que não. Ultimamente não conheço muitos jovens da cidade. Prefiro passar o tempo com os meus mapas.
1567,6isc,Conhece uma jovem chamada Iszara?
1568,6iwa,"Ciro! Por favor, não a vi! Pode ter outros contactos por aqui, mas não sabe nada disso. Tento não fazer perguntas. Por favor, deixem-me com os meus mapas."
1569,6iwc,A Mariah disse-me que viu o Iszara a vir para aqui. Não ponhas a minha paciência à prova. O que é que tu sabes?
1570,6lga,"- Não. A aliança entre Daggerfall, Wayrest e Balfiera contra os Cyrodiils durante a Primeira Era? Não, não, essa era a Liga Inquieta... Desculpa, não estou familiarizado com ela."
1571,6lgc,Pergunto-me se já ouviste falar da Liga Revoltosa.
1572,6lla,Nunca disseram. Talvez devesses ir lá abaixo e perguntar-lhes tu mesmo.
1573,6llc,Estes rapazes locais ... Têm nomes?
1574,6msa,"Os mapas são como as pessoas, sabias Cyrus? Há mapas bons, maus e indiferentes."
1575,6msb,"Não devias confiar na maioria dos mapas, eles vão levar-te para o caminho errado se lhes deres uma oportunidade. Um mapa honesto é mais raro que um amigo verdadeiro, lembra-te, jovem senhor."
1576,6msc,O que dizem os seus mapas?
1577,6mya,"Bem, as cavernas, por exemplo. Não ouviste falar delas, pois não? Nem das Ruínas Ananas."
1578,6myb,"Mas são reais, jovem senhor, e tão cheios de mistério e aventura quanto se poderia pedir."
1579,6myc,O que é que ele quer dizer?
1580,6nea,"- Bem... Não importa. Não é culpa tua. Estou a ficar um pouco gritante na minha velhice, suponho."
1581,6nec,Desculpa ter-te incomodado.
1582,6nma,"Obrigado Arkay! Às vezes penso que se ouvir mais uma palavra sobre elfos, vou enlouquecer! Não que não haja muitos outros mistérios interessantes em torno de Stros M'Kai."
1583,6nmc,- Está bem.
1584,6noa,"Está bem. Por favor, avise-me se puder ajudá-lo em alguma coisa."
1585,6noc,"Não, obrigado."
1586,6nya,"Persistente, não é? Ouve, se me dás o livro, eu faço-o por ti. Uma última vez, de graça. Pelo menos assim não vou ter de o ver de novo."
1587,6nyc,Estou disposto a pagar pelo mapa. Com muito gosto. Apenas diga o seu preço.
1588,6s2a,"Dos olhos do Governador, principalmente. Tento não me envolver em todos esses problemas. Já vi sofrimento suficiente na minha vida. Só quero passar os meus últimos dias a trabalhar nos meus mapas."
1589,6s2c,"O que é que as pessoas estão a falar na cidade, estes dias?"
1590,6sda,- A sério? - Sim. O que é que achas? Aluguei o andar de baixo a uns rapazes da zona. São calmos e sempre pagam pontualmente. Não acho que façam nada ilegal.
1591,6sdc,Ouvi dizer que o teu porão é usado como um esconderijo de contrabandistas.
1592,6sma,"Costumava fazer, mas não posso competir com as grandes casas de cartografia de Hammerfell. Contratam mendigos e vagabundos para copiar um mapa mestre."
1593,6smb,"Provavelmente já viste os seus mapas baratos de cidades por aí. Não há nada como um bom mapa desenhado à mão, mas parece que as pessoas já não se importam com a artesanato."
1594,6smc,Podia usar um mapa da ilha.
1595,6tma,"Se houvesse um mapa real, porque é que ninguém encontrou o frasco?"
1596,6tmb,"Que desperdício de tempo e esforço, ansiando por uma jarra elfica mítica, quando a ilha está cheia de verdadeiros mistérios."
1597,6tmc,- Por que não? - Não sei.
1598,6zz1,"- Sim, sim, sim."
1599,6zz2,E então?
1600,6zz3,Fala mais alto. Tenho trabalho para fazer.
1601,6zz4,Não há armas aqui. Guarda-a.
1602,6zz5,Desça daí! O que é que se passa contigo?
1603,710c,"Oração, desabafo, rapazes."
1604,711a,"O quê, outra vez?"
1605,711c,Por que não baixas a voz?
1606,712a,Não aprendeste?
1607,712c,O Barão Volag está a fazer uma corrida no tribunal.
1608,713a,"Dagoo, olha como ele o quer mais."
1609,713c,Estavas a falar comigo?
1610,714c,Rapazes feias...!
1611,715c,Vem aí! Levanta-te e desabafa!
1612,716c,"Venham, bêbados, apresse-se!"
1614,718c,"Venha, FEA, estou aqui outra vez."
1615,719c,Vamos lá.
1616,71ac,Vem aí! Bastardos! Eu sortei!
1617,71bc,"Vamos, vamos!"
1618,71cc,Importarias-te de sangrar?
1619,71fa,"Vamos, rapazes."
1620,71fb,Lutas como um príncipe morto.
1621,71fc,"Levantem-se e desvalem-se, então, cavalheiros."
1623,71fe,"Por causa dos ossos de Hunding, vamos!"
1624,71ff,"Já te tenho, escumalha!"
1625,71fg,Vem já!
1627,71hb,"Vai brincar com os teus amigos, escumalha do bar."
1628,71hc,Desculpe.
1629,71va,Fui derrotado!
1633,71vf,Eu caí!
1634,71wa,Estás a ficar lento.
1635,71wb,O teu sangue mancha o chão
1636,71wd,Toma esta escória!
1637,71we,"Dói um pouco, não é?"
1639,71xb,- Raios partam!
1640,71xd,Ele está bem treinado!
1641,71xe,Sangue! Sangue!
1642,71xf,- Raios partam!
1643,724a,"O nosso rapaz favorito, o DaGoO, pronto a chegar."
1644,725a,"Sim, nós temos!"
1645,726a,"Então, sim!"
1646,72fa,Matem-no!
1647,72fb,Argh... bom corte
1648,72fd,Põe o teu coração nisto! - O que é?
1649,72fe,Dá-lhe depressa!
1650,72ff,Mais sangue!
1651,72fg,Estás acabado!
1652,72fh,- Atira-o para baixo!
1653,72va,Não me mate!
1654,72vb,- Não! Não me magoes mais!
1655,72vd,- Compaixão!
1656,72ve,Eu atirei a arma! Não me batas mais!
1657,72vf,Tu ganhas
1660,72wd,"É bom, não é?"
1661,72we,- Ali está ele!
1662,72wf,Estás acabado!
1664,72xb,Bate bem!
1665,72xd,"Ouch, disse."
1666,72xe,Cuidado!
1667,72xf,Achas que és rápido?
1669,737a,"Vamos deixar-te sem fôlego, filho da puta!"
1670,738a,"Preparem-se, homens! DAD, agora!"
1671,739a,"Guarda Vermelha, estamos prontos!"
1672,73fa,Apanha-o!
1673,73fb,Escravo da coroa!
1674,73fd,- Descansa!
1675,73fe,"Encerrem-no, não?"
1676,73ff,Vou dar-te uma boa sova.
1677,73fg,"Vem cá, bebe!"
1678,73fh,"Vem cá, papai!"
1679,73hd,"Aye, vejo que estás com vontade de lutar."
1680,73va,Vençam-me!
1681,73vb,Não quero mais golpes!
1682,73vd,"Compaixão, rapazes!"
1683,73ve,Que acabe aqui!
1684,73vf,"É um combate, rapaz!"
1685,73wa,Eu dei-lhe!
1686,73wb,Dei-te uma boa!
1687,73wd,"Mais uma destas e estás morto, rapaz!"
1688,73we,Tu és meu!
1689,73xa,Isso é paga pela mesma moeda!
1691,73xd,Ele bateu-me!
1693,78d1,"Desculpa, homem. Imperiais por toda parte. Não falo com estranhos."
1694,78d2,"Os tempos são difíceis em Stros M'Kai. Não posso ajudar-te, amigo."
1695,78d3,"Não tens um centavo de sobremesa, estranho. Tenta outra vez."
1696,78d4,"Não, não. Falar com estranhos na rua? Os imperadores são pesados como o molasses em estritos m'kai. Não, obrigado."
1697,78f1,Olha. Vai incomodar o outro.
1698,78f2,"Não, não tenho emprego, e não sei quem o tem. Tenha um bom dia."
1699,78f3,Quem diabos é você? Saiam daqui.
1700,78f4,"Eu não te conheço, companheiro, e tu não me conheces, e assim vai continuar a ser."
1701,78f5,"Obrigado, mas não obrigado. Encontre outra marca, maricas."
1702,71a1,"Vai, cara de atrasado."
1703,71a2,Sai daqui. Quem é que você pensa que é?
1704,71a3,"Hoje em dia, deixam entrar aqui qualquer um."
1705,72a1,"Não, não, e não, mais uma vez. Não com gente como tu."
1706,72a2,"Peee-yoo! Um pouco mais longe daqui, não é, DaGoo?"
1707,72a3,Não te vejo nem te ouço. Voe para longe.
1708,73a1,"Porque é que me incomodam sempre? Continuem, querem?"
1709,73a2,Não te disse? Deus?
1710,73a3,- O quê? És estúpido ou quê?
1711,71ha,"Ei, olha, Dagoo. Uma Corona saiu do seu esconderijo."
1712,73ha,"É assim? Ei, Coroa! Sê bom e traz-nos outra rodada, não é?"
1713,72ha,Ouvi dizer que os Coronéis acham-vos muito corajosos. Queres ser testado contra um verdadeiro espadaquinho?
1714,73hb,"Estou farto de falar, Coronita. Saca essa faca, se sabes como, ou deixa-me em paz."
1716,7801,um pouco de privacidade.
1717,7802,Um pouco de luz de velas.
1718,7803,E começam as galanterias. O meu nome é Nafaalilargus.
1719,7805,Tu magoaste-me. O pet de Richton é aquela coisa escura com as gotas envenenadas.
1720,7806,"Sou um orgulhoso soldado do Tiber Septim, um leal vassalo, uma jóia da coroa. Não é culpa minha ter de fazer companhia ao Governador."
1721,7808,"Não vou mentir, bom estranho, a minha lealdade imperial é bem paga. Não somos muito diferentes, ousaria dizer."
1722,7809,"Também pareces ser do tipo mercenário. Então, vais perceber..."
1723,7810,- se não concordar em desistir da minha última recompensa.
1724,7812,Adoro a fantasia mortal. Vou seguir o teu jogo: o que me darias pela alma do príncipe A'tor?
1727,78d6,"Afasta-te, pequenote, ou eu beijo-te."
1728,78d7,Há algo que não se vê diariamente.
1729,78f6,Saiam do meu caminho.
1730,78f7,"Estás à procura de um bom pontapé, pequeno-almoço."
1731,78f8,Muita boa comida num balde.
1732,791a,"- Não! Encontraste-me! Mas nunca me apanharás vivo! Já, já, já, já, já!"
1733,791b,Nunca mais! Nunca mais! Morrerei antes de me deixar levar!
1734,791d,"Morra! Morre, idiota! Nunca direi onde escondi o ouro! - Não, não, não!"
1735,791e,"- Não, não! Toma isso!"
1736,791f,"Morre, idiota!"
1737,791g,"Vai morrer! - Não, não, não."
1738,791h,Só um arranhão no pulmão!
1741,792a,"É meu - tudo meu, eu digo!"
1742,792b,"Roubando as minhas economias para a mamã? Morre, ladrão!"
1743,792d,"Sabes muito, ladrão... E agora tens de morrer por ele!"
1744,792e,"- Não! Desvia-te! - Pára com isso! - Não, não!"
1745,792f,Mãe dos cães e dos porquinhos!
1746,792g,"- Não, não, não. É só sangue!"
1748,792i,"Oh, não! Tu entraste, não é?"
1750,793a,"Está bem, está bem. O que fazes tão longe da cidade?"
1751,793b,"- Desculpa. Mas eu preciso do teu dinheiro, por isso tens de morrer."
1752,793d,"A pressa e o pulso vão separar-se em breve, meu amigo."
1753,793e,"- Não, não. - Não, não. Morre, Cordeiro."
1754,793f,"Mantenham as ferramentas afiadas, costumava dizer o meu pai."
1755,793g,"Mais uns poucos, rapaz, e tudo acabará."
1756,793h,"- Não, não. Podes usar isso, não podes?"
1757,793i,"- Não! Bem, tenho de dizer."
1758,793j,"O que é que... Que dói, caralho."
1760,794b,Eu tenho-eu-eu-eu tenho!
1761,794d,Dá-me tudo. Tudo. Dá-me isso!
1762,794e,"Swing, swing, swing, estou a cantar!"
1763,794f,- O quê? - Não! - Não!
1764,794g,"Vou cortar-te, vou cortar-te!"
1765,794h,- Não! - Pára com isso! Isso é bom!
1766,794i,Sangue? - O quê? Estou a sangrar!
1767,794j,Ajuda! - Assassinado! Ajuda!
1768,795a,"Ei, irmão Ned, olha o que temos aqui!"
1769,795b,"Aposto que esta espada vai trazer uma moeda bonita, não é, bonitinho?"
1770,795d,O Ned e eu precisamos de algum dinheiro para a nossa pobre mãe nesta economia.
1771,795e,"Cuidado! Atrás de ti! - Não, não, não!"
1772,795f,"Toma isto, cabrão!"
1773,795g,- Raios partam! Trabalho quente aqui.
1774,795h,"Apanhaste-me, Chivato."
1775,795i,- Não! Você estragou a camisa da minha avó!
1776,795j,"- Não, não, não! Esta coisa está afiada e eu gosto!"
1777,795k,"NED! Não! Mataste-o! Mataste o meu irmão, bastardo!"
1778,795l,"Pára com isso, NED, CÃO! Morra!"
1779,796a,Irmão Lacy! Temos um cidadão fedorento!
1780,796b,"Oh, oh! Não! Deixa-me pegar-te!"
1781,796d,"A Lacey e eu vamos cortar-te o cu, rapaz da cidade."
1782,796e,"És um homem morto, rapaz escarpado."
1783,796f,"Volte para a sujeira, homem morto."
1784,796g,"És minha, marinheira."
1785,796h,"Ajuda-me, mãe."
1786,796i,"Oh, cortou-me!"
1787,796j,"OW, OW, OW, isso é excitante!"
1788,796k,"- Não, não! Lacy, raios partam! Responde! - Não, não!"
1789,796l,Mataste o meu irmão! - Mataste-o!
1790,7apc,Desculpem incomodá-los.
1791,8a1a,"Vamos, Cyrus. Não resistas."
1792,8a1c,"Lord Vile, peço desculpa por ser tão grosseiro, e eu..."
1793,8a2a,"Muito bem, Cyrus. Talvez um pouco fraco em sinceridade, mas... A prática faz o mestre."
1794,8a2c,Humildemente peço perdão.
1795,8bya,"- Não. Não é tão cabeça vazia, afinal. Mas não acho que tenhas visto o último de mim, Cyrus. Tenho os olhos postos em ti..."
1796,8byb,"- Não . E jogar com o Clavicus Vile, Cyrus, é como respirar..."
1797,8byd,"...Uma vez adquirido o hábito, é algo difícil de parar. Tem sorte, Cyrus. Até nos encontrarmos de novo."
1798,8coa,"Vamos lá, vamos lá. Jogue com a sua espada. Aqui é só um brinquedo."
1799,8cob,"Bom exercício, espadachim. Mantenha-se em forma, mantenha-se em forma."
1800,8cod,- Não! Estás a lidar com isso como um verdadeiro perito!
1801,8coe,Muito original. Acho que nunca vi um desses usados como arma.
1802,8cof,"O que é que tinhas em mente com essa coisa, Cyrus?"
1803,8cog,"Não olhes agora, Cyrus, mas acho que alguém trocou a tua arma."
1804,8coh,Que ousadia! Mas... Não. Talvez... Não seria mais comum usar uma espada para isso?
1805,8csa,"- Não. Yoo-hoo. - Por aqui. Estou aqui, Cyrus."
1806,8csb,"Não te preocupes em espiar, Cyrus. Não estamos numa busca pelo tesouro aqui."
1807,8csd,Desapontado? Não encontraste nenhuma alma por aí?
1808,8cse,"Avisa-me se encontrares algo interessante, Cyrus."
1809,8csf,"Sinta-se à vontade para olhar à sua volta, Cyrus. Não há pressa. Não te demores."
1810,8d1a,"Vamos, Cyrus. Não resistas."
1811,8d1c,"Fugiu... - Senhor... Vile! Eu... ""desculpa"" por ser tão rude, e eu..."
1812,8d2a,"Não penses em nada, Cyrus. Hee-hee. Já está. Isso foi excelente. Não será divertido se perderes a tua alma? A prática faz o mestre, e você terá muito tempo para praticar"
1813,8d2c,Humildemente peço perdão.
1814,8daa,O pobre. Todo o nosso tempo é tempo livre. É a eternidade. Não achas que isto está a ficar um pouco tedioso?
1815,8dab,"É quase sempre o mesmo, repetidamente, tão chato. Mas tu... Bem, tu matas o marido da tua irmã, depois deixas-o perder a alma, depois..."
1816,8dac,"Então, isto é o que os senhores da Daedra fazem no seu tempo livre. Negociar com almas, destruir vidas e ficar no sol..."
1817,8dad,"...vens aqui e ameaças bater no grande e desagradável senhor Daedra para a recuperar... Bem, então... É estúpido e estúpido... Mas... não sei. Não é... - É chato."
1818,8dga,"Não é um cão, claro. Nos dias ensolarados, gosta de ser um cão. Ou muitas outras coisas."
1819,8dgb,"- Não, não. - Isso é interessante. Acho que ele gosta de ti, Cyrus."
1820,8dgd,"Quando está assim, acho que está noutro lugar. Tudo é muito significativo, claro... Mas quem sabe o que significa."
1821,8dgc,É um belo cão.
1822,8dia,"- Raios partam! Vês, Cyrus? Se tivesses estudado as tuas lições como os irmãos te disseram... Ah, bem. Nem todos podem ser vencedores..."
1823,8f7a,"Cyrus, não. Não te ofereci uma troca. Deste-me um presente. Estou contente com o meu presente, sinto-me generoso. Então... Vamos falar seriamente da alma da tua irmã."
1824,8f7c,"Está bem, está bem. Tens o frasco. Passa-me a minha irmã."
1825,8fla,"Oh, Cyrus. Não é isso. - Um presente? Para mim? Não devias... Mas obrigado. É uma adição única à minha justamente famosa coleção de artefatos encantados."
1826,8flc,Dou-te este frasco de valor incalculável pela alma da minha irmã.
1827,8gba,"- Não. O sangue é bonito... Mas o teu sangue não vale uma alma, Cyrus."
1828,8gbc,Dou o meu sangue pela alma da minha irmã.
1829,8gga,"Não tens uma fortuna em ouro, Cyrus, e o ouro é só metal. Não me interessa."
1830,8ggc,Dou-te uma fortuna em ouro.
1831,8gna,"És um farol, um Cyrus atrevido e chato. Não podes tirar-me nada, e sabes disso. Ou dou-te ou não dou. - Simples? E não dou presentes quando estou aborrecido."
1832,8gnc,"Não há presentes para ti, filho. Quero a alma da minha irmã, e vou levá-la."
1833,8h1a,"- Não, não. Estou muito feliz por ter vindo..."
1834,8h1b,"Não sejas tão chato, Cyrus. Mereço alguma diversão. Estragaste o meu N'Gasta. Agora mostra-me alguma coisa divertida."
1835,8h1c,Clavicus Vile... Dá-me a alma da minha irmã.
1836,8h2a,"Um mente e o outro diz a verdade! Um leva a alma de Cyrus, o outro dá a alma irmã. Não gastes a tua pergunta em mim, Cyrus! Não te demores. - O que é que aconteceu? Não vamos a lado nenhum."
1837,8isa,"- Não, não. - Não, não. Não me faças mal, por favor! - Espera aí! Pensaste que o frasco te protegeria? Oh, isso é excelente!"
1838,8isb,"Ouve, ousado herói Cyrus. O N'Gasta era muito mais divertido. Era muito inteligente, e eu estava muito assustada. Mas o teu defeito, herói destemido, é que não tens... Imaginação."
1839,8isc,"Entrega a alma dele, Clavicus, ou retirarei-te do Panteão."
1840,8isd,"Por exemplo, tens ideia do que estou a fazer com a alma da tua irmã... - Não, não, não. - Agora?"
1841,8l1a,"Ou o quê, Cyrus? O que é que vais fazer comigo? Aqui não me podes magoar, nem a mim nem a nada. Aqui não acontece nada, a não ser que eu deixe acontecer."
1842,8l1c,"O que quer que estejas a fazer, pára já."
1843,8n1a,"É uma pena. Até um animal tolo pode entender o medo, mas tu... Cyrus... Não. - É triste. No entanto... Um jogo pobre é melhor que nenhum. Joguemos, então, pela alma da tua irmã."
1844,8n1b,"Mas antes de começarmos, há algumas coisas que precisamos de esclarecer."
1845,8n1c,"Não me podes assustar, homenzinho. Eu disse que apostaria a minha alma, e a minha palavra é o meu vínculo."
1846,8n1d,"A tua alma não vale um cêntimo a menos que saibas o que vale. O N'Gasta sabia o valor de uma alma, mas tu não. Então, tenho de te explicar."
1847,8n1e,"Primeiro, você pensa que perde, que morre, e que é o fim. Não é assim."
1848,8n1f,"Perde? Vives, e a tua alma é minha. Tal como a tua irmã. E isso continuou por muito tempo. - Percebes?"
1849,8n2a,"E por fim, quando a tua alma é minha, a tua vontade pode desafiar-me, mas fazes o que eu quero."
1850,8n2b,"""Estás aqui por livre arbítrio, por isso deixa-me provar-te... que te desculpes por ser tão grosseiro, e que humildemente implores o meu perdão."
1851,8n2c,"Entendido, VIL. Continuemos com isto."
1852,8qac,Qual é a porta certa?
1853,8qal,A porta à direita.
1854,8qar,A porta à esquerda.
1855,8qbc,Qual é a porta errada?
1856,8qbl,A porta à esquerda.
1857,8qbr,A porta à direita.
1858,8qcc,Que guarda está a mentir?
1859,8qcl,É ele.
1860,8qcr,É ele.
1861,8qdc,É o guarda que mente?
1862,8qdl,Não
1863,8qdr,"Sim, eu sei."
1864,8qec,É ele o guarda que está a mentir?
1865,8qel,"Sim, eu sei."
1867,8qfc,CLAVICUS VILE está a mentir?
1869,8qfr,"Sim, eu sei."
1870,8qgc,Que porta diria Vile que é a correta?
1871,8qgl,Ele não escolheria.
1872,8qgr,Eu escolheria as duas.
1873,8qhc,Que porta dirá o cão que é a correta?
1874,8qhl,Ele não escolheria.
1875,8qhr,Eu escolheria as duas.
1876,8qic,Qual porta diria o outro que é a correta?
1877,8qil,A porta à esquerda.
1878,8qir,A porta à esquerda.
1879,8qjc,Ambas as portas levam à morte?
1881,8qjr,Sim
1882,8qkc,O que há atrás desta porta?
1883,8qkl,A perda da tua alma.
1884,8qkr,A perda da tua alma.
1885,8qlc,O que há atrás da outra porta?
1886,8qll,O RETORNO DA ALMA DE ISZARA.
1887,8qlr,O RETORNO DA ALMA DE ISZARA.
1888,8rda,"E agora que tenho a sua atenção completa... Estão prontos para a sua prova. Mas antes de começarmos... Cyrus, não. - Tiveste uma educação clássica?"
1889,8rdb,"Vamos, vamos. Estava só a verificar. Só que um homem pensante, um homem bem educado, poderia ter uma vantagem injusta nesta prova. Mas não! Você é um herói... Um homem de ação, não é?"
1890,8rdc,"Fala por ti, Vile. Eu estou pronto. Vamos lá, vamos."
1891,8rdd,"Então, provavelmente não reconhecerá esta velha castanha, tirada diretamente de ""As estrelas sobre os seus ombros"" de Paulus. - Pronto? - Pronto. Ouçam atentamente! Não vou repetir!"
1892,8rde,"Duas portas. Uma leva à perda da tua alma, a outra leva ao retorno da de Iszara."
1893,8rdf,"Dois guardas. Um sempre mente, o outro sempre diz a verdade."
1894,8rdg,Pode fazer a um deles apenas uma pergunta. Só uma. O jogo começa... Escolhe sabiamente... - O que é?
1895,8rdh,"Só uma pergunta. Só uma. Escolhe sabiamente... - Não, não!"
1896,8tha,Deves estar um pouco grosso. Dá uma volta e pensa nas coisas. Volta quando estiveres pronto para falar com sentido.
1897,8thc,"Vile, não estou aqui para conversar. Estou aqui por causa da minha irmã. E vais entregar-me ou eu parto-te em pedaços."
1898,8tsa,"Cyrus, não. Agradeço o teu grande gesto. Admito que aprecio a alma da tua irmã... Muito bem."
1899,8tsb,"Mas a tua alma é um bem não provado... Valorosa, sim. Mas não uma troca equitativa. E eu estava a pensar no desporto ... Não é o comércio."
1900,8tsc,"Não tenho nenhum presente para ti, Vile. Mas tenho algo para trocar... A minha alma."
1901,8w7a,"- Não. Muito nobre, Cyrus. Mas sabes alguma coisa sobre o valor de uma alma? Por exemplo, toda a diversão que estou a ter com a alma da tua irmã... É verdade... Agora... Não gostaria de desistir disso."
1902,8w1c,O que é que queres? Porque é que estás a fazer isto? Só por diversão?
1903,8w7c,"Estás aborrecido, Vile? Então vamos jogar uma partida pela alma da minha irmã... E para cobrir a aposta, oferecerei a minha alma."
1904,8w2a,"- Sim, eu sei. Esse incidente é difícil de explicar, concordo. Aponta-lhe o peito e depois foge como um coelho assustado."
1905,8w8a,"- Tens a certeza? Sabes, o que estou a fazer com a alma da tua irmã... - Agora mesmo. Eu também adoraria fazer essa coisa com a tua alma."
1906,8w2c,"Não me sinto culpado por ter morto o marido de Iszara, Vile. Mas fugir das consequências... Não estou orgulhoso disso, e não vou deixá-la desta vez."
1907,8w8c,"O teu nome é bem escolhido, Vile. Mas eu sei o valor da minha alma, e estou disposto a apostá-la contra a alma da minha irmã."
1908,8w3a,"Não está a tomar conta agora, pois não? - Não. E julgaste que ela podia cuidar de si quando te atreviste a enfiar uma faca no peito do marido dela?"
1909,8w3c,"Sim, eu fui. Mas Iszara sempre conseguiu cuidar de si mesma, eu só fugi... Eu... eu... Eu era jovem."
1910,8w4a,Lamento muito perder o N'Gasta. Tinha sempre presentes para mim.
1911,8w4c,Vile. Não me importa se estás aborrecido ou sozinho. Esta conversa não nos leva a lado nenhum. - Só me diga... O que é que queres?
1912,8w5a,"Temos de ter presentes. Sem presentes, não há diversão. Gostava de ter um presente bom. Insinuação, insinuação!"
1913,8w5c,"Gostas de presentes, não gostas?"
1914,8wwa,"Não estragues a diversão, Cyrus! É suposto descobrires! Mas aqui tens uma pista. Tenho o que queres! Então, o que é?"
1915,8wwc,"Pela última vez, Vile... O que é que... Queres...?"
1916,8y7a,"Um seguidor do meu irmão, Hermaeus Mora, disse uma vez: ""O propósito último dos senhores Daedra é instruir e melhorar o caráter geralmente deplorável dos mortais""."
1917,8y1a,"- Excelente! - Não, não. Eu estava certo! Nem todos os heróis são estúpidos. Estou muito contente por aceitar a tua alma como aposta num jogo pela alma da tua irmã."
1918,8y7b,"Que sentimento lindo. Mas, na verdade, observo os mortais, e interrompo-me de vez em quando, por pura diversão."
1919,8y1b,"Mas antes de começarmos, há algumas coisas que precisamos de esclarecer."
1920,8y1c,"Está bem, Vile. Estou com medo... de perder a minha própria alma, e a alma da minha irmã... Mas não tenho muitas opções, pois não?"
1921,8y7d,"N'Gasta, no seu tempo, foi uma personagem de notável encanto e complexidade. Mas agora tu ofuscaste o N'Gasta... E tenho grandes esperanças em ti."
1922,8y1d,"A tua alma não vale um cêntimo a menos que saibas o que vale. O N'Gasta sabia o valor de uma alma, mas tu não. Então, tenho de te explicar."
1923,8y7e,Por exemplo. Vieste até aqui para resgatar a alma da tua irmã. - Porquê? - Porquê? Lamento uma infância perdida? Um remorso por ter abandonado a tua irmã? A culpa de um assassino?
1924,8y1e,"Primeiro, você pensa que perde, que morre, e que é o fim. Não é assim."
1925,8y1f,"Perdes, vives, e a tua alma é minha. Tal como a tua irmã. E vai ser por muito tempo. - Percebes?"
1926,8y2a,"E por fim, quando a tua alma é minha, a tua vontade pode desafiar-me, mas tu fazes o que eu quero."
1927,8y2b,"Estás aqui por tua própria vontade, por isso, deixa-nos demonstrar-te... Gostaria que te desculpasses por ter sido tão grosseiro e que me pedisses humildemente perdão."
1928,8y2c,"Eu entendo, Vile. Vamos continuar com isto."
1929,91aa,Devia mesmo repensar as coisas...
1930,91ab,Podíamos usar um espadachim como tu...
1931,91ac,- Sem dúvida.
1932,91ad,Pensa que aqui estás em desvantagem...
1933,91ba,Talvez aprendam a bater!
1934,91bb,Estás a ser patético!
1935,91bc,"- Não, não."
1937,91ca,Seu bastardo!
1939,91cc,Estás a falar mal.
1940,91cd,Bates como uma criança!
1941,91ce,"Não, não!"
1942,91da,"Vocês dançam muito bem, mas infelizmente..."
1943,91db,Deixa-me mostrar ao filhote umas coisas.
1946,92ad,- A tua volta!
1947,92ae,"Espasas à frente, rapaz!"
1948,92af,Vai para o outro lado.
1949,92ba,É melhor deixares isso agora!
1950,92bb,"Em breve serás comida para os tubarões, filho."
1951,92bd,Você é lento.
1952,92be,"Este carregamento é nosso, rapaz."
1954,92cb,É só um corte superficial.
1955,92cd,- Não! Foi só sorte...
1957,92da,Deixa-me ficar com ele.
1958,92db,A minha vez!
1959,92dd,"Estás enferrujado, mequetrefe."
1960,94ca,- Vai-te embora.
1961,95ca,Não te aproximes.
1962,96ca,"Deixa-me em paz, peixe da terra."
1963,97ca,"Desaparece, agora!"
1965,9b1c,Espera um pouco. Eu volto.
1966,9eca,Não vou a lado nenhum. Aquela prateleira... Deve ter partido alguma coisa. As pernas não se mexam.
1967,9ecc,Temos de fugir. Sabes de alguma maneira de sair daqui?
1968,9fla,- Porquê? - Porquê? Queres juntar-te a nós?
1969,9flc,Como é que os encontro?
1970,9fxa,"Bem, logo depois de sairmos daqui, vai ao farol e dá um sinal à Liga."
1971,9fxc,- É verdade. Como é que os encontro?
1972,9h1a,Sob o palácio. Catacumbas antigas. Um bom lugar para apodrecer e morrer.
1973,9h1c,"Onde estou, Boquita?"
1974,9h2a,"Eu não, amigo. Não vou a lado nenhum. As minhas pernas estão partidas e não posso andar."
1975,9h2c,Temos de sair daqui.
1976,9h3c,- Raios partam! Ele está morto. Tenho de encontrar uma maneira de sair daqui. Ou vou acabar como ele.
1977,9ila,"Infiltradores de merda! - Sim, eu sei. A Iszara é uma de nós. Está na lista do Richton."
1978,9ilc,"Richton disse que o Iszara está na Liga, é verdade? - Não, não."
1979,9isa,"Quem sabe. Não desde que cheguei aqui, há umas semanas."
1980,9isc,Havia alguma vez uma jovem aqui em baixo?
1981,9lga,"A Liga? Somos uma espécie em extinção, meu. Como tudo na cidade desde que o Richton chegou. Talvez não sejamos muito... Mas somos tudo o que resta."
1982,9lgc,A Liga... O que é que se passa com a Liga?
1983,9lha,"Lighthouse. Como eu disse. - Não, não. Está a ficar escuro aqui. Estou a ficar muito cansado. E aqui tens. Toma esta chave."
1984,9lhb,Só ouve! Acho que estou a perder... Toma a maldita chave... Não a deixes aqui! Vai para o farol. Avisa a Liga.
1985,9lhc,"O Farol. - Sim, eu sei. Continua."
1986,9lqc,Para quê? O que se passa com o...
1987,9lxc,Para que serve a chave? Qual é o sinal? - Não! - Você? - Porra!
1988,9wha,"Só mais um herói da Liga. Mas não fui executado... Um pouco de tortura, interrogatório, e depois deixaram-me morrer neste buraco. Embora os tenha enganado. Engoli a chave. Tenho-a aqui mesmo. - Vês?"
1989,9whb,Foi um pouco desagradável quando saiu do outro lado. Não quero engoli-lo de novo... Mas não é. Não posso deixá-lo por aí quando tirarem o meu corpo daqui.
1990,9whc,Quem é você? Porque é que estás aqui?
1994,9zz4,"Vai-te embora... Fora! Não, não... Morto... Ainda..."
1995,9nnc,Onde posso encontrar o Basil?
1996,9ooc,Preciso que me levem de volta a Stros M'Kai.
1997,9ooe,Vai e pergunta ao BASIL. Ele diz quem fica e quem vai para aqui.
1998,9ppa,"- Não te metas nos teus assuntos, amigo. Aqui não gostamos muito de espiões."
1999,9ppb,"O que estás a fazer aqui, estranho? À procura de problemas?"
2000,9ppd,"- Olá, pessoal! O QUE VOCÊ É? Um espião? Saiam daqui!"
2001,9ppe,Tu! Isso está fora dos limites. Não vou avisar-te de novo.
2002,9ppf,Deixa isso! - Agora mesmo!
2003,9ppg,Saiam daqui! Estou a vigiar-te!
2004,9nna,Está no cais oeste. Não metas os narizes no que não te interessa.
2005,9ooa,Não vais a lado nenhum até o Basil acabar contigo.
2006,9nnd,"Você é nosso visitante intruso, não é? Olhe para o cais oeste. Está à tua espera. E não te metas em nada. Estou a vigiar-te."
2007,9ood,"É você quem procura o manjericão, não é? Volte para Stros M'kai quando for útil."
2008,9qqd,"Acabaste de vir com Yaeli? Para parar de falar com o Basílio? Verifica o cais oeste. Vai direto para lá, e não te metas em sarilhos."
2009,9ssa,"Estrangeiro, esta folha não te fará amigos aqui."
2010,9ssb,"Muito bem, idiota. Se o que queres são problemas, eu vou dar-te um prazer."
2011,9ssd,"Guarde isso, ou os meus amigos e eu daremos-lhe uma lição de hospitalidade."
2012,9sse,"Não me interessa quem és. Os teus modos são péssimos. Espero que, pelo menos, possas usar esta espada."
2013,9ssf,"Olha. Basil disse que não iria cruzar espadas comigo. Mas não gosto de ter uma espada na cara... Então, guarda-a ou usa-a."
2014,9ssg,"- O quê? Tens os ouvidos tapados ou algo assim? Bem, não há nenhuma lei que proíba, suponho. Espero que o velho Albacete me perdoe se acidentalmente te desligar um pouco."
2015,9tta,Já tive o suficiente. Deixa-me em paz.
2016,9ttb,"Não, não. Não mais. Não vou desenhar."
2017,9ttd,"Não, não. Guarda essa espada. Não vou lutar contigo."
2018,9qqf,O Basílio está no cais oeste. Vai falar com ele. E não te percas onde não pertences.
2019,9oog,"Precisas da boa vista do Basílio, ou não vais a lado nenhum."
2020,9pph,"Pára de te meter onde não te chamam, marinheiro."
2021,9ppi,"Toca nisso outra vez, meu amigo, e vais lamentar."
2022,9ssh,"Oh, vamos lá. Aqui não há espadas, amigo. Não é cordial."
2023,9ssi,"- Está bem. Se queres problemas, eu tenho-os para ti."
2024,9tte,- Não! Não há possibilidade de eu te desenhar de novo.
2025,9ua1,Vamos. Faz o pior.
2026,9ua2,"Então... Gostas do pénis, não gostas?"
2027,9ua3,"Mostra-me alguma coisa, FORASTER."
2028,9ua4,Vamos lá. Mostra alguma vida.
2029,9ua5,"Isso é ""doença""!"
2030,9ua6,Um sucesso palpável!
2031,9ub1,Alguém quer brincar com isto antes de me dar?
2032,9ub2,Espero que não te importe um pouco de sangue.
2033,9ub3,"Um bom exercício, não é?"
2034,9ub4,Vens por aqui a tempo inteiro?
2035,9ub5,- O quê? - Raios partam! Isso não foi divertido.
2036,9ub6,"Sente isso? Aperta, não é?"
2037,9uc1,"Bendis-me, Maria, e a este pobre louco."
2038,9uc2,Aqui!
2039,9uc3,"Cuidado com o pé, filho."
2040,9uc4,- Não. Quem te ensinou isso?
2041,9uc5,"- Não, não. Que pica, filho."
2042,9uc6,"Apanhei-te, não foi?"
2043,9ud1,"STANDARR, grato à minha espada."
2044,9ud2,Toma isto e isto também!
2045,9ud3,"Ooh. Tens andado a praticar isso, não é?"
2046,9ud4,"Move-te bem e rico, rapaz."
2047,9ud5,- Não! Não é profundo... Mas vai servir.
2048,9ud6,"Não te preocupes, rapaz... Podes sempre cultivar outro braço."
2049,ab1c,"Obrigado, Avik."
2050,abrc,Não estou familiarizado com a religião Yokudan. Têm longos rituais funerários?
2051,abra,"Receio que seja mais grave do que isso. A sua mãe, Saban, precisa de combater a armadilha da alma que o N'Gasta tem posto sobre a ilha..."
2052,ag1a,O que é isto?
2053,ag2a,Gostava de uma canção para o pequeno?
2054,ag3a,O que foi aquilo?
2055,ag4a,"Sim, sim, eu sei."
2056,ag5a,"É assim, menina."
2057,ag6a,Vou ter em consideração.
2058,ag7a,"Eu mudei-te?! - Disseste isso? É você, Ciro! Oh, por acaso, o rapaz! Foi para ameaçar o Jaganvir?"
2059,ag7b,"Reconheço a sua farsa. A minha, no entanto, não é tão vulgar como esta, e não tenho a habilidade para a contradizer. Tens de encontrar outro membro da Guilda para te ajudar."
2060,agpc,O Grêmio dos Magos tem muita influência em Stros M'Kai?
2061,agpa,"Já não! O Arquimago Voa era um Corona, o braço direito de A'tor, mas ambos morreram na batalha de Stros M'Kai. Jaganvir é um sucessor indigno do posto de Arquimago, se me perguntares."
2062,agrc,O que é que o Governador fez aos Yokudan?
2063,agra,"Ele matou a jovem Hayle! Depois, ele chamou os outros traidores e ordenou-lhes que abandonassem Stros M'Kai!"
2064,agrb,"Yokudanos envolvidos na política da Guarda Vermelha, uma ideia absurda!"
2065,ah1a,"Obrigado, rapaz. O meu nome é AVIK. Em que posso ajudar?"
2066,ah2a,"Obrigado, filho. Você é muito generoso."
2067,ah3a,É você muito amável.
2068,ah4a,O que gostaria de ouvir?
2069,ah4c,"Nem sempre, meu amigo. Preciso de um minuto."
2070,ah5a,Cyrus! Não! Conseguiste quebrar o feitiço!
2071,ah5c,"Graças ao teu amigo, Joto."
2072,ahmc,A mãe está muito afetada com a morte do filho.
2073,ahma,"Sim, mas não é só isso. Saban ainda não completou o ritual do enterro, embora o rapaz esteja por semanas debaixo da terra."
2074,ahyc,"Tens saudades da Hayle, não tens?"
2075,ahya,"Ela adorava ouvir-me tocar. Uma das poucas pessoas por aqui que o fazia. Apropriado, suponho, para alguém nascido sob o signo da Serpente."
2076,aisc,"Estou à procura da minha irmã, Izara. Conheces-a?"
2077,aisa,"O nome soa-me bem, filho, mas receio não poder ajudar."
2078,aisb,Não há muitos jovens que tenham ouvidos para cantos de serpente.
2079,aj1a,Esta notícia... Não é uma surpresa. Quem vai salvar o Stros M'Kai?
2080,aj1c,"Receio que o Joto não tenha conseguido. Tentei resgatá-lo, mas os imperiais..."
2081,aj2c,O primeiro é o primeiro. Ainda tenho de encontrar a minha irmã.
2082,aj3c,É o meu trabalho.
2083,ajgc,Jaganvir é o novo Arquimago?
2084,ajga,"Sim, um sapo sem carácter, um lacácio perfeito para todos os caprichos do Governador. Ainda assim, um mago de poder formidável, apesar dos seus defeitos pessoais."
2085,ajlc,A prisão. Onde está?
2086,ajla,Perto do Palácio. Não deixam entrar ninguém para ver os prisioneiros. Já tentei.
2087,ajlb,"Acho que devia estar grato por não ter sido morto, não é? Infames assassinos!"
2088,al1c,"Eu mesmo passei por um par deles a caminho da cidade. Tipo muito simpático, mas muito falante. O que é que eles queriam de ti?"
2089,al1a,"Eles estavam a fazer perguntas sobre uma mulher. Não era da minha conta e não queria dar mais problemas à pobre mãe dele, por isso não lhes disse nada."
2090,al1b,"Ouve, agora lembro-me porque é que o nome da tua irmã me pareceu tão... Era ela quem procuravam."
2091,al2c,"O nome desta mulher era Izara, tal vez?"
2092,al2a,"Sim, acho que sim. - Porquê? - Porquê?"
2093,al3c,Ela é minha irmã.
2094,al3d,Parece que ela desapareceu.
2095,al3a,"Oh, meu Deus. Lamento ouvir isso."
2096,algc,Conhece um grupo chamado Liga Inquieta?
2097,alga,"Não posso dizer que seja, mas sou muito reservado. Com os yokudans expulsos de Stros M'Kai, não tenho muitos amigos aqui na cidade."
2098,algb,"Provavelmente vou ter de fazer as malas e ir embora, em breve."
2099,amdc,As tropas imperiais mataram pessoas em Stros M'Kai?
2100,amda,"Ah, quando chegaram à terra, foi fogo e espada no casco antigo. Pelo menos assim poderiam fingir que estavam a lutar contra os incondicionais da Coroa."
2101,amdb,"Mas matar aquele rapaz inocente Yokudan... Se eu tivesse vinte anos menos, eu faria alguém pagar!!"
2102,amgc,Parece saber muito sobre a Guilda dos Feiticeiros.
2103,amga,"Sim, na verdade, sou membro, embora não pensasses isso, pois não? Agora estou reformado, mas o meu amigo Joto manteve-me informado sobre a política do sindicato."
2104,amgb,Isso foi até os malditos imperiais o prenderem.
2105,amuc,Tocas muito bem.
2106,amua,"Obrigado, filho. Ninguém me visita desde que aqueles demónios imperiais mataram aquele rapaz Yokudan. É isso mesmo, demónios imperiais! E não me interessa quem sabe!"
2107,angc,Conta-me mais sobre o N'Gasta.
2108,anga,"Enquanto o Príncipe A'tor estava vivo, era um nome para assustar as crianças, pouco mais."
2109,angb,Mas o nosso novo mestre imperial permitiu que o terrível poder do Necromante se espalhasse sem controle até que a armadilha da sua alma nos ameaçasse a todos.
2110,aoqc,O Casco Antigo está completamente destruído?
2111,aoqa,"Pode ser. Foi selada enquanto os Imperiais procuravam ""leal à Coroa"" em cada casa. Agora é só uma aldeia fantasma."
2112,ap1c,Porque é que dizes isso?
2113,ap1a,"Não passaste muito tempo em Hammerfell, pois não, filho?"
2114,ap2c,"Não, não, não. Nasci em Sentinel, mas deixei Hammerfell quando era... muito jovem. Não volto há anos."
2115,ap2a,"Era o que eu pensava... Tens um pouco de sotaque, a oeste de High Rock, não é? Bem, como eu estava dizendo, o sentimento contra os Yokudan é mais profundo que a política, mesmo numa guerra civil."
2116,ap2b,Nenhum dos lados se rebaixou para permitir que os Yokudan se juntassem às suas fileiras.
2117,ap2d,Até a Liga Inquieta era boa demais para eles! Mas tudo isso acabou. O orgulho dos Redguard tornou-nos escravos do Imperador.
2118,ap3c,Pensei que nunca tivesses ouvido falar da Liga Inquieta.
2119,ap3a,Ninguém dá atenção a um velho encantador de serpentes a falar mal do Império. Mas a Liga... Isso é um assunto perigoso de conversa. para qualquer um.
2120,ap3b,Incluindo jovens espadachins da Guarda Vermelha com ar mercenário.
2121,apac,Porque é que o Príncipe A'tor permitiu que N'Gasta ficasse em Stros M'Kai?
2122,apaa,"- Não sei. - Não sei. O pai de A'tor, Thassad, permitiu pela primeira vez que N'Gasta ocupasse a torre do velho mago, mas então parecia bastante inofensivo."
2123,apab,"O Grêmio de Magos queixou-se das investigações não autorizadas, mas tinham pouca influência com o velho Thassad. A guerra civil manteve A'tor ocupado até à sua morte prematura."
2124,arlc,Diz-me o que sabes sobre esta Liga Inquieta.
2125,arla,"Se fosse tão sábio quanto os meus anos, calaria e te dava um bom dia."
2126,arlb,"Mas não és um espião imperial, e não tens nada a ver com os bandidos da Liga que apareceram após o assassinato da Hayle."
2127,asga,Receio que não possa ajudar. Não tenho habilidades para combater essa magia. Tens de arranjar outro membro da guilda para te ajudar.
2128,asgc,O que me podes dizer sobre as gemas da alma? Sabias que a alma do príncipe A'tor foi colocada numa gema de alma antes de morrer?
2129,askc,A tua cobra parece gostar de ti.
2130,aska,"Não há nada a fazer, na verdade. O velho Slinky adora dançar."
2131,asmc,Como é que o Stros M'Kai se saiu sob o domínio imperial?
2132,asma,"As coisas foram-se a perder, não me interessa quem sabe. Há assassinatos nas ruas, onde é que tudo acaba, diz-me isso? Onde é que ele vai parar?"
2133,asnc,- Um laço da alma? O que queres dizer?
2134,asna,"Agora que o Príncipe está morto, esse verme nojento teceu uma armadilha mágica através de Stros M'Kai para alimentar a sua fome de almas."
2135,asnb,"A menos que estejas enterrado em terra consagrada, a tua alma irá directamente para N'Gasta se morreres. Por isso Saban ainda teme pelo seu filho morto."
2136,assc,O sinal da Serpente? Parte da religião Yokudan?
2137,assa,"É o signo estelar do seu nascimento. Os Yokudan acreditam que as estrelas guiam o nosso destino, desde o nascimento até à morte e depois."
2138,attc,Estás a insinuar que havia algo que podias ter dito a aqueles membros da Liga. Importas-te de me dizer?
2139,atta,"- Bem, então... O Iszara conheceu a Hayle aqui e foram embora juntos... O dia em que morreu. Na altura, pensei que era só um encontro romântico, nada a ver com o seu homicídio."
2140,attb,"Mas depois a Liga começou a espiar por aqui. Não consigo imaginar o que isto é, mas não vejo o sentido de acrescentar a Liga aos problemas dos Yokudanos."
2141,atbc,Porque é que o teu amigo Joto foi preso?
2142,atba,"Precisam de uma razão? Um dia os soldados vieram levá-lo, e desde então ele apodreceu na prisão."
2143,avoc,"O Arquimago Voa era leal ao Príncipe, então."
2144,avoa,"O principal conselheiro do Príncipe. Mas o seu substituto Jaganvir, é uma desgraça para a memória de A'tor."
2145,aycc,Onde fica o acampamento Yokudan?
2146,ayca,"Não sei. Talvez fora da cidade, algures, a pobre mãe dele está de luto, mesmo vigiando o túmulo da Hayle."
2147,aylc,Fale-me deste rapaz morto.
2148,ayla,"O nome dele era Hayle, pobre rapaz. A família dela ainda está acampada fora da cidade, à espera que o seu ritual funerário termine."
2149,aylb,"Os yokudans nunca foram bem vistos por aqui, mas o governador Richton foi longe demais."
2150,aysc,"Sim, infelizmente os Yokudan sempre foram tratados como estranhos em Hammerfell."
2151,aysa,"Um preconceito sem sentido, já que a sua religião remonta às primeiras tradições Redguard"
2152,aysb,Mas o nosso novo governador fez coisas muito piores do que simplesmente cobrar-lhes mais pela farinha.
2154,bx0c,"Afastem-se, luzões. Vamos chegar a isso num minuto."
2156,bx1c,"- Foste tu? - Não. Lembro-me de dois brincalhões que não sabiam usar as suas espadas, mas tu devias estar escondido."
2157,bx2a,"Mantendo-te misterioso, Cyrus. O que é que queres?"
2158,bx2c,Você é o Basil? És um homem difícil de encontrar.
2159,bx3c,"Ouve, luz, não estou aqui por ti. Eu sei tudo o que tens a dizer. Tira a tua espada quando estiveres pronto."
2160,bx4a,E agora o altruísta irmão cachorro quer o seu osso.
2161,bx4b,"Primeiro, aqui tens uma venda. - Não, não. A não ser que estivesses a planear usar essa suave língua de cãozinho para lamber as tuas feridas."
2162,bx4c,Estou farto do teu matão. E deixei-o vivo.
2163,bx5a,"- Está bem. Aqui está a chave da loja de Iszara. Já a registámos para encontrar pistas sobre o seu paradeiro, mas talvez possa encontrar algo que nós não pudemos."
2164,bx5c,"Gostas de respirar, Basil?"
2165,bx6a,"Pistas particularmente num diário, um que não podemos abrir. Se me puderes dizer o que está no diário, vou dizer-te o que sei sobre o desaparecimento do Iszara."
2166,bx7a,"Abre o jornal, depois falamos."
2167,bx8a,Espero ouvir o que o Iszara diz no seu diário antes de lhe dizer mais nada.
2168,bx9a,"Estratégia errada tão cedo no diálogo, filho. O jogo é descobrir primeiro o que o outro sabe, não mostrar o quanto do mapa não consegue ler."
2169,bx9b,"Eu pensei que eras o mensageiro do Iszara, o que teria concedido uma audiência mais longa, mas estás aí de pé a parecer o último cabo solto de muitos."
2170,bx9c,Onde está ele?
2171,bxaa,Se o dizes.
2172,bxac,"Então, tu é que lideras esta banda?"
2173,bxba,"A'tor já o fez e morreu por isso. O Império não nos permitirá viver contra ela, nem uma história escrita sem o seu nome, por isso não faz sentido resistir tão abertamente."
2174,bxbc,"Então, planeia enfrentar o Império?"
2175,bxcc,- Que rebelde que és.
2176,bxda,"Não sugiro que a Liga receba o Império com os braços abertos. Proponho que os saudemos com braços secretos, com punções sutis, com sangue e moedas derramados em segredo."
2177,bxdb,"Ameaça sublunar. O nosso propósito é insinuar, muito educadamente, que não há lucros em Hammerfell... E nenhuma perspectiva de lucro."
2178,bxdc,- O medo.
2179,bxdd,"Quando o Império desistir de enriquecer-se com estruturas M'kai, vai-se transformar em empresas mais lucrativas."
2180,bxea,"- Não, não. Com que facilidade repete a propaganda imperial. Talvez um turista ignorante como tu não perceba que só tocamos naves do Império e do Richton."
2181,bxeb,Os armadores nervosos e os simpatizantes do Império gritam contra o saque e a pirataria... Mas o povo de Stros M'Kai sabe bem os verdadeiros objectivos das nossas acções.
2182,bxec,Porque continuas a perseguir o Stros M'Kai?
2183,bxfc,"Sou o irmão de Iszara, e todos os meus cabos soltos me levaram até ti."
2184,bxga,"E faz parte de nós há muito tempo. E da omissão de referências a si, infiro pouco orgulho ou confiança em si..."
2185,bxgb,...um julgamento que parece bem fundamentado no curso da nossa breve e não muito gratificante relação.
2186,bxha,"Tem os mesmos modos cordiais que a sua irmã, isso é certo."
2187,bxhc,"- Não, não."
2188,bxia,"- Não, não. Fala o sábio! Mas deixa-me dar-te um conselho, é o pior que podes dizer à Iszara quando a encontrares."
2189,bxic,Vi os Cyrodiils expandirem-se pelo resto de Tamriel. Não vais detê-los.
2190,bxja,"Ouviste isso, Vander? O homem pensa sondar os meus pensamentos mais íntimos. Devo partilhar com ele uma lista dos desejos do meu coração?"
2191,bxjc,"Se não faz sentido resistir, porque é que ficas aqui?"
2192,bxkc,"A tua lista será curta o suficiente, idiota, se puxares essa espada contra mim."
2193,bxla,"Há quem não possa admitir uma derrota, que na frente da derrota cria teorias de vingança."
2194,bxlb,Mas o segredo da teoria é que a verdade não existe. Iszara desapareceu apropriadamente no mesmo vazio
2195,bxlc,Quando e por que é que o Iszara se uniria a ti? A sua associação consigo fez com que a matassem?
2196,bxma,"Acorda, idiota! Somos ladrões e somos maus. E o Iszara estava envolvido, gostares ou não."
2197,bxmb,"Se não te apercebeste, estamos escondidos aqui, por isso, é lógico que se o Iszara não está aqui, então ele está em apuros."
2198,bxmc,"Espero que isso tenha significado alguma coisa para ti, porque não me aproxime do Iszara. Agora quero saber o que lhe aconteceu."
2199,bxmd,Não achas que o Império poderia ajudar-te a resolver este mistério um pouco melhor? Estás a perder tempo aqui.
2200,bxnc,Em que tipo de problemas é que ela está metida?
2201,bxoc,"Vamos, vamos!"
2202,bacc,"Então, esta é a gratidão que recebo por salvar o teu cabelo inútil. Sei tudo sobre o teu acordo com o governador. Desmorona-te e defende-te, traidor!"
2203,bbyc,"- Obrigado, senhor. Falamos mais tarde."
2204,bdta,"Não posso recomendar, mas é o único lugar para beber nesta cidade esquecida de Deus. Suba pela ponte que vê à direita, através do portão da praça da cidade. Vais ver o cartaz."
2205,bdtc,Estou com um amigo no Dragin Tale. Pode indicar-me?
2206,bema,"- Claro que sim. Sem ofensa, mas Hammerfell precisa de alguma lei e ordem."
2207,bemc,"O Império fez bem em Hammerfell, não achas?"
2208,bft1,Terei essa recompensa
2209,bft2,"É um prazer conhecê-lo, REDGUARD..."
2210,bft3,Foi um erro desafiar o Império!
2211,bft4,"Venha, Ciro!"
2212,bft5,Não acredito!
2217,bftc,"Isto foi um grande erro, Brennan."
2218,bgr1,"Fica para trás, Daedra-get!"
2219,bgr2,"Avast, esquerdista! Saiam deste barco!"
2220,bgr3,Leva as tuas tolices para a praia.
2221,bgr4,"Volta para as cavernas, filhote doente!"
2222,bgr5,Saia do meu barco já!
2223,bgr6,"- Não, não!"
2224,bgr7,Vou transformá-los em bolinhos de sopa se não se forem embora!
2225,bh1a,"Ah, sim. Por favor, chame-me Brennan. Tiraste-te desses rufias tão depressa que não tive tempo de recuperar a minha espada do meu camarote."
2226,bh1c,"Capitão, é bom vê-lo de volta ao comando."
2227,bh2a,O valente espadachim está de volta. Em que posso ajudá-los?
2228,bh2c,"Olá, Capitão Brennan."
2229,bh3a,"Qualquer coisa pelo teu bem, Cyrus."
2230,bh3c,"Brennan, tens um minuto?"
2231,bh4a,Ciro! Pensa... Ouvi dizer que foste preso.
2232,bh4b,O que se passa agora?
2233,bh4c,"BRENNAN, algumas palavras, por favor."
2234,bh5a,"Sim, estou contente por ter vindo."
2235,bh5c,"BRENNAN, entendo que quisesses ver-me."
2236,bh6a,Cyrus! Não! É o homem que eu procurava.
2237,bh6b,"Mas estou a correr um grande risco ao falar contigo. Você é procurado pelos imperiais, você sabe. Por favor, venham para baixo do cobertor onde podemos falar em privado."
2238,bh6c,"Uma palavra, por favor, Capitão."
2239,bisa,"Receio que não. Antes do Império limpar as coisas, Stros M'Kai era um paraíso pirata, evitado por mercadores honestos como eu."
2240,bisc,"Estou à procura da minha irmã, Iszara. Talvez já tenha ouvido falar dela?"
2241,blga,Outros capitães dizem-me que os bandidos que ficaram se organizaram contra as medidas enérgicas do Império contra o contrabando e a pirataria.
2242,blgc,"Os piratas que nos atacaram falaram de uma ""Liga Inquieta"". Já ouviste falar deles?"
2243,bnfa,Os meus novos amigos vão ficar encantados por teres vindo.
2244,bnfb,"Espera um momento, tenho algo para ti."
2245,bnfd,O quê? Você...?!
2246,bnoc,Os meus entornos imperiais não são da tua conta. O que é que queres?
2247,bo1c,"É assim, HM?"
2248,boca,"Os habitantes ainda resistem, mas com o tempo vão apreciar as vantagens de pertencer ao Império."
2249,bocc,Como correu Stros M'Kai com os seus novos senhores imperiais?
2250,bpha,"Parece que sim. Tornaram-se audaciosos, a atacar uma nave tão longe na baía de Hunding. Mas dê tempo, o Império só esteve aqui uns meses."
2251,bphc,Parece que o Império não eliminou todos os piratas de Stros M'Kai.
2252,b72c,"E foi... Muito ajudado, Brennan."
2253,b73c,Quem são estes tipos da Liga Revoltosa?
2254,b71a,"Bom trabalho, CYRUS! Considere a sua passagem paga."
2256,b72a,Olhem! Ali!
2257,b72b,Ele vai-se embora.
2258,b73a,"Vamos avançar, antes que apareçam mais."
2259,byx1,"Não brandas essa espada por aqui, rapaz. - Não, não."
2260,bysc,Boa ideia. Marque o caminho.
2261,bzz1,"Ah, Ciro. Como está você?"
2262,bzz2,"À tua saúde, rapaz."
2263,bxz1,"Sim, sim, sim, sim."
2264,bxz2,E então? Queres alguma coisa?
2265,bxz3,"Fala, rapaz. Não sejas tímido."
2266,bxz4,"Essa é a tua espada, rapaz? Vai muito bem com o disfarce."
2268,bxz6,"Oh, ho-ho. Muito bonito."
2269,bxz7,"Joguem bem, rapazes."
2270,c104,"Espere, Governador. Tenho algumas perguntas para lhe fazer primeiro. Sobre uma mulher chamada Iszara."
2271,c107,Ela está desaparecida há uns meses e as pessoas pensam que pode estar em apuros. Também dizem que você pode ter algo a ver.
2272,c111,"Como disse, pode ter algo a ver."
2273,c116,Estás a dizer que ele era da Liga Revoltosa?
2274,c118,"Parece que não nos entendemos, Governador. A Iszara é minha irmã e isto não é uma audiência, é uma interrogatória."
2275,c119,Diz-me tudo o que sabes ou dou-te mais problemas do que a Liga já te deu.
2276,c402,Não sou uma Coroa. A Iszara é minha irmã.
2277,c405,Ias trazer de volta o Príncipe?
2278,c410,"Mas, por acaso..."
2279,c413,Funcionou?
2280,c416,O que aconteceu ao Iszara?
2281,c418,Não por muito tempo.
2282,c423,"Atrás, faísca, já me ia embora. Tenho tudo o que queria saber."
2283,c502,Não temos muito tempo antes que eles venham buscar-te.
2284,c504,Primeiro tens de me dizer o que sabes da minha irmã. Receio que esteja em grave perigo.
2285,c506,Como é possível?
2286,c509,"Então, mandaste-a para lá?"
2287,c512,Mas Iszara não quis ouvir.
2288,c514,A precaução não funcionou?
2289,c518,"Então, ele abandonou toda a esperança de encontrar o frasco e foi o mesmo com o necromante..."
2291,c525,"- Seu sacana. - Tu... - Não. - Não, não, não, não, não!"
2293,c601,"- O Izara? O que é que se passa contigo? Izara?! O que é que te aconteceu? Acorda! Acorda! - Não, não!"
2294,c602,"O que lhe fizeste, N'Gasta?!"
2295,c604,O que lhe fizeste!?
2296,c606,Que promessa? Que serviço?
2297,c609,"- O verme. Se me devolver agora, dou-lhe a minha palavra... ...de que não te vou magoar."
2298,c616,"Worm, restaure-a agora."
2299,c618,"Vou matar-te, mais depressa do que mereces, e vou falar pessoalmente com o Vile."
2300,c620,Vile é o meu negócio agora. Tens outras coisas com que te preocupar.
2301,c622,"A questão é: A sua alma fica presa no seu próprio néctar de almas depois de morrer, ou vai directamente para o inferno? Deixa-me ajudar-te a descobrir."
2302,c804,És o animal de estimação do Richton?
2303,c807,"Tens algo que preciso, dragão."
2304,c811,Talvez possamos negociar.
2305,c813,Escreverei o teu nome no teu túmulo.
2306,cbm1,"Não parece ser o tipo de falar, por isso, devia oferecer-lhe uma boleia."
2307,cbm2,Parece que não tenho ouro suficiente.
2308,cbu1,Suponho que não saibas o que se passa.
2309,cbu2,Já nos vimos antes?
2310,cbu3,"Vale, espique, Touro, diga-me o que sabe."
2311,cbu4,"Então, a minha irmã está perdida, e há uns piratas, e... Oh, esquece."
2312,cbu5,"Pelo louro, ANHK no peito, tem andado a furar naquele vagão. Conheces o tipo que estou à procura."
2313,cct1,"Finalmente, a minha equipa. Isto deve igualar as probabilidades com os homens de Richton."
2314,cct4,Parece que este bloco está solto. Tal vez possa fazer uma ponta com alguma coisa.
2315,ccv1,Quem é que está aí? Deixem-me passar!
2316,ccv2,"Posso cheirar-te pela porta, Duende, abre agora!"
2317,ccv3,Hunding amaldiçoa-te.
2319,ccv5,Pergunto-me o que haverá lá dentro.
2320,ccv6,Parece que falta uma engrenagem desta floresta.
2321,ccv8,É melhor voltar e conseguir a gema da alma primeiro.
2322,cdam,- Raios partam! Outra coisa.
2323,cdlr,Esse livro sobre a tradição anã na loja do gato pode ser útil aqui.
2324,cdr1,Está coberto por o que suponho que seja escrita por anões.
2326,cdr3,Guardas Imperiais. O que estão a fazer aqui? E que tipo de nave é esta?
2327,cdr4,Artifactos anões. Pergunto-me o que os imperiais esperam encontrar.
2328,cdr5,Parece que caiu uma engrenagem nesta criatura.
2329,cdwk,Não funcionou.
2330,cfxb,- Não. Nada de errado com este sino. Só as orelhas do velho precisam de ser arranjadas.
2331,cgc1,- Deixei isto aqui.
2332,cgp1,"Infelizmente, não posso levar tudo agora."
2344,cial,Uma folha de aloe.
2345,ciam,Um amuleto que N'Gasta precisa entregar a RICHTON. Podia ser o meu bilhete de entrada para o palácio.
2346,cib8,Isso é melhor. Muito melhor.
2347,cib9,"Uma venda. Estas pequenas riscas não são graves, mas é melhor usá-las para me limpar."
2348,ciba,Uma venda com a qual possa curar as minhas feridas.
2349,cibb,"Uma mercadoria usada, manchada com o meu sangue."
2350,cibd,"Este livro sobre a tradição anã revela que os anões foram destruídos há muito tempo pelos elfos escuros. Há uma passagem interessante que traduz a língua anã, que tem uma ligeira semelhança com a elfica."
2351,cibe,"Este livro sobre artefatos elficos detalha a garrafa de lilandrilo, uma garrafa antiga com a capacidade de absorver magia. Supõe-se que a garrafa tenha afundado com os seus fundadores, junto às costas de Stros M'kai, em algum momento da Primeira Era."
2352,cibf,"A flor da minha província natal. Aqui diz que o aloe, quando combinado com água pura, pode ter propriedades curativas."
2353,cibg,"Uma das seções contém inclusive uma espécie de notações cartográficas. Por isso, alguém pode ajudar-me a traduzir estas notações."
2354,cibk,Uma chave feita com os ossos de um grande animal.
2355,cibl,Uma das seções inclui uma espécie de anotações cartográficas. Talvez alguém possa fazer um mapa com elas.
2356,cibr,"A Guarda Vermelha: os seus heróis e a sua história. A história das origens da Guarda Vermelha e dos seus grandes heróis, entre eles Hunting, que com as suas 5 espadas mágicas expulsou os duendes de Hammerfellow, e Leki, o santo da espada espiritual."
2357,cibs,"Aqui diz-se que as estrelas de Tamriel são divididas em 13 constelações. Três delas são as constelações maiores, os guardiões, que protegem os menores, suas cargas, da décima terceira constelação, que é a serpente. Cada guarda tem três cargos cada, e só está de guarda durante a sua estação particular. A estação actual é presidida pelo guerreiro."
2358,cibw,Um balde cheio de água
2359,cicb,Uma velha balança oxidado.
2360,cicm,Uma abóbora. A gema vermelha está sempre a ir para norte.
2361,cidg,Uma grande engrenagem anã. Não foi fácil conseguir isto.
2362,ciec,É ECTOPLASMO
2363,cifl,"É a mítica garrafa de lilandrilo, que absorve a magia. A minha única esperança de resgatar a Izara de N'Gasta."
2364,cift,"É uma pena de canah, o exótico pássaro da Ilha Summerset."
2365,ciga,Uma mistura de água pura e aloe.
2366,cigb,Uma garrafa de cristal.
2367,cigd,"Nesta ilha, o ouro vai para as putas."
2368,cige,Uma garrafa de cristal cheia de elixir de ouro.
2369,cigk,Iszara disse que poderia usar esta chave para entrar nas catacumbas e encontrar a vazia do tesouro de Richton. Espero que a Jóiva da Alma esteja aqui.
2370,cigm,Um monóculo de cristal que você encontra no campanário.
2371,cigv,Um copo de cristal.
2372,cigw,Uma garrafa de água pura refrescante.
2373,cihp,Um saco de saúde.
2374,cihs,É o SAP.
2375,ciik,A chave da loja de Izara. Basil quer que examine o seu diário em busca de pistas.
2376,ciim,Mapa dos Estros M'kai.
2377,ciiw,Um velho peso de ferro muito pesado.
2378,cij1,"Deve ser o Diário de Izara. Parece estar fechado, mas não há buraco na chave."
2379,cikj,"O Diário do Irmão Kithral, onde descreve a busca pelo Anel do Arqui-Arquivo voando nas cavernas sob os estrofes do M'kai. Esta última parte revela muito."
2380,cikk,"A chave do Almoço de Crisandra. Assim, pode encontrar a nave de prata que os guardas estavam à procura lá."
2381,cilp,Uma bolsa de couro... E aqui dentro está a peça do mapa de Trithik.
2382,cim1,Um pedaço de mapa para a garrafa de Lillandril.
2383,cim2,Um pergaminho de Izara com a insígnia da Liga Inquieta.
2384,cim3,Um pedaço do mapa da garrafa de lilandril de joto. Vou precisar desta garrafa antes de desafiar N'Gasta.
2385,cimb,Um cubo de metal
2386,cinb,Este deve ser o feitiço que o N'Gasta usou para chegar ao Clavicus Vile. Preciso de usá-lo se quiser salvar a Izara!
2387,cins,Preciso de algo para o pôr.
2388,ciob,É sangue de orco.
2389,cip1,Com
2390,cip2,Com corno de unicórnio
2391,cip3,Com coração de abóbora
2392,cip4,Com a salmão
2393,cip5,Com âmbar
2394,cip6,Com orelha de Spriggan
2395,cip7,Com pêlo de santo
2396,cip8,Com saco de porco
2397,cip9,Com pó de lícita
2398,cipi,Uma poção de pele de ferro.
2399,cipx,E
2400,cir1,Uma runa com duas linhas nela.
2401,cir2,Uma runa com uma linha e um ponto.
2402,cir3,Uma runa com duas linhas e um ponto nela.
2403,cir4,"Uma ruína de pedra, parecida com uma luva."
2404,cirf,É a bandeira vermelha de Prnell que usa para fazer sinais para Favis no campanário.
2405,ciri,É um anel de invisibilidade. É melhor usares bem as tuas cargas.
2406,cirk,Uma chave oxidada de um inquilino de prisioneiros da Liga. Ele falou de um farol antes de morrer.
2407,cirm,Um mapa feito por Maiko a partir de algumas anotações sobre a garrafa de lilandrilo.
2408,cisb,Um barco de prata da alma de Crisandra.
2409,cisg,A Jóiada da Alma do Príncipe A'tor. Tenho de encontrar uma maneira de o libertar.
2410,cish,Uma palma.
2411,cisk,É uma chave de prata.
2412,cisl,É o medalhão de prata de Lakene que queria de rol.
2413,cis2,É um medalhão de prata.
2414,cism,É leite de aranha.
2415,cisp,É uma poção de força.
2416,ciss,A espada da alma do Príncipe A'tor. O seu espírito flui através dela... E impulsiona a nossa viagem final.
2417,cist,É uma das pedras estelares do Yokudan.
2418,cisw,É o meu fiel pénis.
2419,cith,"O talismã do santo Hunting, que expulsou os duendes de Hammerfel e os enterrou na terra."
2420,citr,É uma tocha. Espero que durem mais.
2421,civ1,"Este deve ser o anel do arqui-maço Voa, mencionado no diário de Kithral."
2422,civ2,O anel do arqui-maço está a voar. O irmão Nidal diz que deve ser usado para eliminar o campo de estase ao redor do corpo do Príncipe A'Tor. Preciso de encontrar alguém que saiba como usá-lo.
2423,clci,Parece estar fechado de dentro.
2424,clh2,Esta pedra foi incendiada recentemente. Alguém esteve aqui.
2425,clh3,Finalmente chega um barco. É hora de verificar o que estes piratas sabem.
2426,clh4,Aqui vem o barco. Pergunto-me se Yaeli pode ajudar.
2427,cloc,Está fechado.
2428,cmag,- Que maravilha!
2429,cmg1,Está vazio. Alguém realmente passou por este lugar.
2430,cmg2,O FUTURO.
2431,cmg3,"- Não, não. - Não, não é."
2432,cmg4,Diz aqui que o sangue de orco misturado com o saco de porco proporciona uma grande força.
2433,cmg5,O passado.
2434,cmg6,"Velho amigo, desaparecido há muito tempo."
2435,cnc1,- Não. Parece que a balança quebrou .
2436,cnc2,Está cheio de escolhas.
2437,cnc3,Já está cheio.
2438,cnc4,- E o que é que ele fez?
2439,cnc5,Não me servem estas coisas.
2440,cnct,Deve ser onde N'Gasta prepara os corpos.
2441,cnot,"Não, nada."
2442,cpot,Já tenho um desses.
2443,cpre,- Não. Parece um pouco preocupado.
2444,crfr,Refrescante.
2445,csba,Algo de ouro. Já não sou pobre.
2446,csbb,Um par de peças de ouro é bom para mim. Mal por ele
2447,csbc,"Ouro que vejo, ouro que roubo. ouro que gastar"
2448,csb4,"4 moedas de ouro, agora posso comprar uma casa"
2449,csb5,5 moedas de ouro para as minhas férias
2450,csb3,3 moedas roubadas honestamente
2451,csb7,"7 moedas de ouro, já se desvalorizaram a maldita economia"
2452,csb2,"Duas moedas de ouro, já tenho a reforma."
2453,csb6,"6 moedas de ouro, putas, lá vou eu"
2454,csb1,"Uma peça de ouro, sou um cara de rico."
2455,csbd,Isto deve ajudar.
2456,csbe,- Está bem. Venderia bem.
2457,csbf,Era o que eu precisava.
2458,csbg,- Excelente. - Muito bem.
2459,csbh,Bug! Isso é nojento.
2460,csbi,- Raios partam! Isso é falta!
2461,csbj,"- Não, não! - O que é que aconteceu? - O que é que aconteceu? Já chega."
2462,csbk,"- Não, não, não. Isso é mesmo vil."
2463,csbl,- Não. Esses aldarbas são realmente algo.
2464,csh1,Não posso cavar aqui.
2465,cuna,"Não, ele está desarmado."
2466,cus1,Não posso usar só isto.
2467,cus2,Preciso de usar isto com outra coisa.
2468,cus3,"Provavelmente, precisam de encontrar algo com o qual usá-lo."
2469,cus4,Não faz nada por si mesmo.
2470,cwts,O que é isto?
2471,cwht,Que não vai funcionar.
2472,cwof,Não encaixa.
2473,cxam,Um pedaço de âmbar.
2474,cxcb,- Não. O que é um mago sem uma bola de cristal?
2475,cxdh,Um coração de morto. São de grande valor para os feiticeiros.
2476,cxgp,Não posso carregar mais ouro ou a Anduana rouba-me.
2477,cxld,Este barco parece conter pó de lício. Muito raro.
2478,cxmb,Volumes sobre a arte da magia. Nunca teria paciência.
2479,cxmg,O Guild deve usá-lo na sua magia.
2480,cxob,Tenho a certeza que cheira a sangue de orco.
2481,cxpt,Não aguento mais esta poção.
2482,cxse,Este pedaço de madeira parece ser uma orelha de espinho. É estranho ver uma destas tão longe da Terra.
2483,cxsh,"- Não, não é."
2484,cxsl,É uma pequena salamandra púrpura.
2485,cxps,Um saco seco de porco.
2486,cxuh,Este chifre parece ser de um unicórnio.
2487,&001,É o melhor que tens?
2490,&004,"Não, ele está desarmado."
2491,&005,Isso deve doer.
2492,&006,"- O diabo desagradável, não é?"
2493,&007,"Vamos, vamos!"
2494,&008,Tu podes fazer melhor do que isso!
2495,&009,Tudo é muito fácil.
2497,&011,Isso é correto.
2498,&012,Mais perto. Mais perto.
2499,&013,"A primeira vez, eh."
2500,&014,Não está mal. Tenta isto!
2501,&015,Muito lento.
2502,&016,Não está mal. Tenta isto.
2503,&017,Um amor apressado.
2504,&018,Outro passeio amigo.
2505,&019,Obrigado pelo exercício.
2506,&020,É fácil aqui.
2507,&021,Não desta vez.
2508,&022,"Não, ela está desarmada."
2509,d12c,Pensei que podia dar uma mão.
2510,d1da,Pensei que um elfo louco estivesse a trabalhar nisso.
2511,d1dc,Encontrei uma engrenagem que pode ser útil. Acho que posso arranjar o Observatório com ele.
2512,d1ia,"E agora, o que é que fazemos?"
2513,d1ic,"Iszara está a salvo, Dreekius, tanto quanto qualquer um do Império. Ela está escondida com o resto da Liga."
2514,d1sa,"Os outros, claro... Os que não são despojados à escala. Vemos que as tribos dos Septim não ficarão muito tempo satisfeitas com os tronos dos homens e a raça principal."
2515,d1sc,Qual é a sua especialidade?
2516,d2ia,O que é que precisas?
2517,d2ic,Estão à espera que eu arranje tudo o que for necessário para o Príncipe voltar.
2518,d2sa,Um dia virão ao Pântano Negro. Os argónios já perderam terras uma vez quando não conhecíamos o nosso inimigo.
2519,d3ia,Já percebi.
2520,d3ic,Preciso de um feiticeiro poderoso o suficiente para extrair a alma do príncipe da pedra.
2521,d3sa,"Há outros lugares, como universidades, o exército, a guilda mágica, mas o meu objectivo é traçar a geografia do desejo do homem, que é mais facilmente traçado quando ele está bêbado e a falar."
2522,d3sc,Já percebi. E que melhor lugar para aprender as necessidades dos homens do que no bar?
2523,d4ia,Já vi.
2524,d4ic,Preciso da gema em si.
2525,da1a,O que vais entregar?
2526,da1c,"Ouve, Dreekius, tenho um trabalho de entrega que me levará ao Palácio seguro."
2527,da2a,Já o tens?
2528,da2c,Um amuleto para o Governador.
2529,da3a,"Não te esqueças de trazer algum ouro para pagar o marinheiro, Cyrus. E cuidado."
2530,da3c,Ainda não. Tenho de o ir buscar à ilha do Necromante.
2531,da4c,"Obrigado, Dreekius, eu vou fazê-lo."
2532,da5a,"Então entrega-o, e talvez enquanto estiveres lá possas fazer algumas perguntas sobre a tua irmã."
2533,da5c,"Sim, consegui-o do Necromante."
2534,dara,"Mil milhas de pântano, lama e fedor não são atraentes para a maioria dos humanos, e o terror da gripe Knahaten ainda mantém a maioria em repouso. Mas os nossos dias de prova virão."
2535,darc,Como é que os habitantes do Pântano Negro resistiram ao Império durante tanto tempo?
2536,dbma,"Sim, ele fez, e depois escondeu-se bem depois de tudo isso, até há três meses."
2537,dbmc,Então Iszara sobreviveu à Batalha de Stros M'Kai.
2538,dbyc,É melhor ir embora. Podemos falar mais tarde?
2539,dbya,"Quando quiseres, quando quiseres."
2540,dc1a,País dos duendes
2541,dc1c,Descobri as cavernas debaixo da cidade.
2542,dc2c,"Sim, mas não fui muito longe. Tenho a sensação de que vou voltar."
2543,dcla,Ensaios no farol de Saintsport
2544,dclc,"Dreekius, preciso de contactar a Liga do Desassossego."
2545,dcra,"O fogo deles desapareceu desde que perderam o Príncipe. Poucos mostram os seus rostos em Stros M'Kai. Alguns já se foram para a terra firme. Alguns poucos ainda conspiram e planejam, alimentando sonhos desvanecidos."
2546,dcrc,Fala-me das Coroas.
2547,dd1a,Prática habitual.
2548,dd1c,"Estive nas Ruínas Anãs, mas não consigo entrar. Há um enigma na frente da porta..."
2549,dd2c,"E está escrito em anão, por isso não posso resolvê-lo. Vou ter de encontrar uma chave se quiser entrar."
2550,de1a,Um conselho: cuidado com a Câmara dos Dragões do Imperador. O Rei Guerreiro Tiber Septim não tolera a rebelião.
2551,de2a,E o Governador Richton prometeu execução sumária a qualquer um que tome armas para opor-se ao seu governo.
2552,de3a,"Mesmo que ele fosse responsável, talvez seja prudente proceder com cautela."
2553,de3c,Nem sonhava. A não ser que seja responsável pela desaparecimento da minha irmã.
2554,de4c,"De forma cautelosa, não é? Se soubesse como fazê-lo"
2555,df1a,Gostas de astrologia?
2556,df1c,O Observatório está pronto. Agora posso usar o telescópio.
2557,df2c,"Ele vai ajudar-me de alguma forma, eu tenho certeza"
2558,dfoa,"O imposto imperial sobre o licor obrigou-me a servir a todos, até aos vilões ancestrais desta cidade."
2559,dfoc,Os Ancestrais parecem gostar do teu lugar.
2560,dg1c,"Tenho a gema da alma, Dreekius. E outra cabeça de dragão para a tua parede que eu te trarei mais tarde."
2561,dg2a,"Boa sorte, Cy."
2562,dg2c,Agora preciso de encontrar alguém que possa fazer magia com uma gema da alma.
2563,dg3a,"Está bem, está bem."
2564,dg3c,Encontrei uma velha cigana que pode fazer magia com uma gema de alma.
2565,dg4a,Tenho a certeza que vais encontrar uma maneira.
2566,dg4c,O corpo do Príncipe está coberto por um encanto de estase. Preciso de me livrar dele.
2567,dh0a,"A propósito, o capitão com quem vieste estava à tua procura. O nome dele era Brennan."
2568,dh1a,"Eu sei, eu sei. Eu tinha Tobias feito um tolo por acreditar que você viria"
2569,dh1c,Bem-vindo. Sou Ciro.
2570,dh2a,"Eu fui quem passou a contrabandear a sua carta para ele. O Império tem vigiado todos os embarques a partir deste porto, por isso pensei que as nossas possibilidades eram limitadas."
2571,dh2c,- Porquê? - Porquê?
2572,dh3c,"Muito obrigado, então."
2574,dh5c,"Muito obrigado, então, Dreekius."
2575,dh6a,"Como estás, Cy?"
2576,dh6c,"Olá, Dreekius."
2577,dh7a,A Guarda Vermelha. - Está bem. É bom ver-te outra vez.
2578,dh7c,"Como estás, Dreekius?"
2579,dh8a,Aqui está ele.
2580,dh8b,"Ei, CY."
2582,dh9a,"Cyrus! Não! Ouvi dizer que o Lord Rotund apanhou-te, mas que escapaste. Cuidado, no entanto. As patrulhas imperiais estão em todo o lado agora. Richton está furioso de novo. - Não! Bom rapaz!"
2583,dh9c,"Olá, Dreekius."
2584,dhaa,"Ah, e a Siona também quer ver-te. Está a tornar-se o tipo mais procurado da cidade, agora, não é?"
2585,dhba,"Esperava que pudesses estar lá para despedi-lo, mas certamente estavas muito ocupado; de qualquer forma, ele deixou isto para ti."
2586,dhbc,"Confio que o nosso capitão conseguiu sair da cidade, em segurança."
2587,dhcc,"- Obrigado, senhor."
2588,dhda,"Tobias disse que isso poderia facilitar a tua busca. Como vai, então?"
2589,dhka,Nunca é mau ter um mago ao teu lado.
2590,dhkc,Ajudei os yokudans a resolver o problema deles. A cigana acha que me deve uma.
2591,di1a,"Frequentava muito este estabelecimento antes da batalha da baía de Hunding; não tanto depois, claro."
2592,di1c,O que é que me pode dizer do Iszara?
2593,di2a,"Era muito fervoroso, o teu filhote, e odiava o Império sem disfarçar. Após a ocupação, desapareceu por um tempo..."
2594,di2c,Claro que sim?
2595,di3a,"Não, estou a falar de antes disso, logo após a batalha. Muitas coroas desapareceram naquela época."
2596,di3b,"A Iszara foi uma delas, não a vi por várias semanas depois. Mais tarde, apareceu, necessitando de uma bebida e vagando, decidida a tomar alguma decisão."
2597,di3c,Desapareceu há três meses.
2598,di4a,Os imperiais vieram e eu deixei-a sair por trás. Não a vi desde então.
2599,di4c,E então?
2600,dima,"Não especificamente por Iszara... Os imperiais tinham uma lista de dissidentes que procuravam. O seu nome estava ali, com nomes de muitas outras coroas. Desde então só vejo Ancestrais aqui."
2601,dimc,Disseste que os imperiais vieram aqui à procura da Iszara na última noite em que a viste?
2602,dj1a,"- A sério? - Sim. Muito patriótico para alguém que acredita que, vamos ver, Hammerfell sem rei foi em frente."
2603,dj1c,"Eu fiz da causa da Liga a minha, Dreekius."
2604,dj2a,O que é que a Liga está a planear fazer?
2605,dj2c,As coisas são diferentes agora.
2606,dj3c,"Vamos trazer de volta o Príncipe A'tor e recuperar o reino, claro."
2607,dk1a,"O que fazia lá o pobre, desagradável?"
2608,dk1c,Encontre o diário do irmão Kithral nas cavernas subterrâneas.
2609,dk2c,À procura de algum tipo de anel. E também menciona a Izara. Suponho que tenha de procurar a coisa agora...
2610,dl1a,"Há um bretão na cidade, completamente bêbado, chamado Crendal. Há umas semanas, ele esteve aqui a gabar-se de ter uma parte do mapa."
2611,dl1c,Muita gente está à procura do frasco. Alguém em particular?
2612,dl2a,"Sim, mas o Crendal é um bêbado, por isso faça com ele o que quiser."
2613,dl2c,Um mapa que mostra onde está enterrado o frasco.
2614,dm1a,E então?
2615,dm1c,"Bem, conheci a Liga."
2616,dm2a,O que disseram da tua irmã?
2617,dm2c,"Evidentemente, Iszara era um membro importante. Parecem um pouco desorganizados, mas há algo no seu líder que me preocupa."
2618,dm3c,Eles já estão a procurá-la há algum tempo. Só me deixaram entrar no esconderijo para descobrir o que eu sabia.
2619,do1a,Hammerfell ainda é uma fronteira conflitante do território humano. Dizem que alguns ainda lutam contra o Império no continente.
2620,do1c,"A ocupação parece estar a demorar a consolidar-se, com a Liga a andar por aí e os Imperiais ainda a caçar as Coroas rebeldes..."
2621,do2a,"Todo o mundo selvagem, como os Reinos Elfos e as Terras Bestiais... Esperam para ver o que acontece finalmente aqui, na última região dos homens"
2622,do2c,É assim que a expansão do Império se atrasa?
2623,doba,"Não sei muito sobre anões, Cyrus, ninguém sabe. Talvez queiras falar com o Lakene, no entanto. É mais anão que o Governador."
2624,dobc,Estive no Observatório Anão. Este elfo louco lá precisa de ser arranjado. Acho que posso tirar alguma coisa dele quando estiver feito.
2625,dpaa,"Tira esse olhar da tua cara, Cyrus. Se for preciso, procura uma forma de ser convidado a entrar, não arrastado como um aleijado aleijado."
2626,dpac,Talvez deva dar uma vista de olhos no palácio.
2627,dq1a,Nunca vou contar.
2628,dq1c,"Mostrei ao irmão Nidal o diário de Kithral que encontrei nas cavernas. Eu estou chateado, mas ele me contou um segredo"
2629,dq2c,O sacerdote tem o corpo do príncipe A'tor escondido no templo.
2630,dq3c,"E está coberto por uma espécie de barreira mágica para evitar que ele sofra danos, algo que o Arquimago lançou sobre o príncipe, pouco antes de ambos serem mortos pelo dragão."
2631,dq4c,"Kithral menciona o anel do Arquimago no seu diário, e que ele teve que encontrá-lo para Iszara. Acho que devia voltar e procurar antes de terminar."
2632,dr1a,"Suspeito que fui mais um obstáculo do que uma vítima. As incursões pareciam coisas do passado, mas o teu infortúnio poderia ser um presságio dos novos problemas dos quais os marinheiros murmuram."
2633,dr1c,Eu próprio fui vítima destas incursões.
2634,dr2a,A Liga está a reunir as suas forças novamente... Ou é o que dizem os rumores.
2636,dr3a,"É verdade, parece improvável. Mas são os Daggerlads, a Liga do Desassossego, e juram voltar a fazer a guerra."
2637,dr3c,Uma segunda batalha de Stros M'Kai?
2638,drla,"Uma tribo humana de má reputação, mas cuja determinação é algo que posso compreender."
2639,drlb,"Suas incursões perturbar as minhas operações de contrabando, e muitas vezes a minha natureza justa; o vinho de Valenwood é difícil de conseguir, você vê, mas sobre isso eu não tenho nada pior a dizer"
2640,drlc,O que acha da Liga dos Revoltosos?
2641,drt1,"Ouvimos falar da tua captura, Ciro!"
2642,drt2,"Este estabelecimento era muito frequentado antes da batalha de Hunting Bay, menos depois, claro."
2643,drt3,"Era uma fervente, seu ninho, que odiava o Império, não em voz baixa. Após a ocupação, ela desapareceu por um tempo..."
2644,drt4,"Não, falo antes, logo depois da batalha. Muitas coroas tinham sido espalhadas, escondidas onde pudessem."
2645,drt0,"Não a vi por vários dias depois, mas então apareceu, precisando de uma bebida e a vaguear, ansiosa por uma decisão."
2646,drt5,Os imperiais chegaram e deixaram-na sair pelo fundo. Não a vejo desde então.
2647,drt6,"Outra pele suave que sonha com a inexprimível jóia do rei do antigo Pântano Negro? Tu também tens esse aspecto, todo de espada e fanfarrão. TOBIAS Descreveu-te bem."
2648,drt7,O que tu disseres.
2649,drt8,O que significa que tem muito espaço para manobrar.
2650,drt9,"Lamento, CYRUS, eu também não."
2651,ds1a,"- Não, não. Apenas observei os seus impulsos de clã, que qualquer argonês poderia admirar, sendo habituados, como somos, a honrar os interesses do clã sobre os nossos próprios assuntos privados."
2652,ds1b,"É a tua primeira visita a Stros M'Kai, Cyrus?"
2653,ds1c,"Então, tu gostas da Liga?"
2654,ds2a,Mas para a doença do sangue semelhante?
2655,ds2c,"Sim, mas a ocupação faz com que não pareça assim tanto. Com os estandartes imperiais no porto parece qualquer outra cidade vassalo de Cyrodiil"
2656,ds3a,A tua apatia é decididamente reptiliana...
2657,ds3c,"O único sangue que me interessa é o da minha irmã. Quanto a mim, o novo Hammerfell sem rei foi-se embora."
2658,ds4c,"Não sei como aceitar isso, vindo de ti."
2659,ds7a,"- Referes-te a mim? Não sou um vagabundo, Redguard; este é um estudo estabelecido para mim, do qual acrescentarei riqueza de sabedoria quando voltar ao meu clã."
2660,ds7c,Como é que um argonês consegue abandonar a sua tribo e vagar por Tamriel?
2661,dsla,"Essas artes são praticadas no Pântano Negro, mas usamos ovos não-eclodidos em vez de gemas. A prática foi proibida por um tempo na era anterior, porque essa magia era muito propensa ao erro."
2662,dslb,"Mas depois da fundação das associações de magos, a proibição das gemas da alma foi levantada. Devia perguntar a alguém do grupo para saber mais."
2663,dslc,"Já ouviste falar das gemas da alma, Dreekius? Preciso de uma."
2664,dsrc,"Entrou nas ruínas, mas não explorei tudo. Devia voltar e ver o que posso encontrar."
2665,dt1a,"Que continue a ser só um jogo e não me importarei que aconteça novamente. Os Ancestrais têm os seus problemas, por isso não é de admirar que venham aqui à procura de partilhar."
2666,dt1c,Desculpa por brincar com espadas.
2667,dt2a,"Pratique tudo o que quiser, menos o golpe mortal. E cuidado com a mobília, por favor."
2668,dt2c,Foi uma boa prática.
2669,dtaa,"Bem-vindo ao Draggin' Tale, por falar nisso, subsistência da minha tese, onde há boa audição e cerveja em partes iguais. O que posso fazer por si?"
2670,dtab,"Sempre disposto a ouvir, pele suave, que a aventura seja minha. Vou partilhar os pensamentos que puder."
2671,dtac,Uma bebida seria boa. Talvez use as tuas orelhas mais tarde.
2672,dtba,"Esta taberna, é claro, é o lugar e o subsídio dos meus estudos. Além de uma boa loja de bebidas."
2673,dtbc,- O que é que estás a dizer?
2674,dtra,"Queriam fazer uma audiência com o Governador, mas ele está muito ocupado ainda para eles"
2675,dtrb,"Muito ocupado para receber estes 'aliados de honra' no Palácio durante a sua espera, o que pode explicar as suas disposições suscetíveis aqui"
2676,dtrc,O que é que tanto preocupa estes Ancestrais?
2677,du1a,Então não viu sinais dela nas Catacumbas?
2678,du1c,"Acho que escapou muito facilmente, como se o Governador estivesse a vigiar-me, à espera que eu o levasse para Iszara."
2679,du2c,"Havia uma secção fechada para mim, é verdade, mas não acho que ela estivesse lá."
2680,du3c,O Governador admitiu que a teria executado se soubesse onde a encontrasse. Não acho que ele se importasse o suficiente para me mentir.
2681,dv1a,"Esse insecto apanhou-te também, não foi? Muitas pessoas nesta ilha estão à procura dele... Até o Império, segundo ouvi."
2682,dv1b,O mago do Príncipe A'tor?
2683,dv1c,Encontrei a lenda do frasco de Lillandril.
2684,dv2a,"O boato é que o querem para uma invasão à Ilha Summerset, para ajudá-los a dissipar as suas defesas mágicas."
2685,dv2b,Talvez devesses perguntar ao irmão Nidal sobre isso.
2686,dv2c,Para que é que o querem?
2687,dv3a,"Pelo menos, tenha em mente que o local onde está enterrado o frasco é bem procurado por partes mais duvidosas do que você."
2688,dv7c,Encontrei o anel mencionado no diário do irmão Kithral. Pertencia ao Arquimago Voa.
2689,dv8c,Acho que sim. Pergunto-me porque é que o anel é tão importante.
2690,dw1a,- Como é que o fiz?
2691,dw1c,"Estive no esconderijo da Liga. Dizem que Iszara estava na Liga, e mencionam que estavam a preparar-se para um contra-ataque contra o Império, mas que ela impediu..."
2692,dw2c,"Roubou-lhes uma jóia da alma. Se eu o encontrar, posso encontrar ela."
2693,dx1a,"Coisas menores, é tudo, e quase nada agora que os homens do Governador me têm tão vigiado."
2694,dx1c,"Dreekius, mencionou que participou de algumas operações de contrabando..."
2695,dx2a,"É dirigida por um tipo do norte, um tipo que se irrita rapidamente, e só fala com os membros da toca."
2696,dx2c,O que me pode dizer sobre a Guarda dos Contrabandistas?
2698,dx4a,Tem sido alterado desde que o Império pôs os olhos no Dragin' Tale. Mas tenho a certeza que alguns lá fora poderiam ser persuadidos a revelar.
2699,dx4c,Qual seria a senha da Guarda de Contrabandistas?
2700,dxa1,"Desculpe, não sei. Os donos só podem estar atrás da barra."
2701,dxa2,"À frente para a mesa, por favor."
2702,dxa3,"- Tem paciência! Se você sair do meu caminho, eu vou já ter com você."
2703,dxa4,Desce daí.
2704,dxa5,A tua mãe deixou-te subir aos móveis?
2705,dxa6,"Não se dança sobre a mobília deste bar, senhor."
2706,dy1a,"Sim, ouvi dizer que o Governador os expulsou da cidade. O que estão a fazer agora?"
2707,dy1c,Encontrei alguns Yokudans fora da cidade.
2708,dy2c,Estão ocupados a enterrar os seus.
2709,dy3a,"Está bem, está bem."
2710,dy3c,"O morto está em apuros. O laço da alma do necromante ameaça reclamar a sua, mas a cigana mantém a sua maldade em freno. Decidi ajudar-vos."
2711,dz1a,"Vês a cabeça, ali?"
2712,dz1c,"Há uma secção secreta das Catacumbas que preciso de explorar. Acho que a gema da alma está ali, no tesouro do dragão."
2713,dz1b,Ele arrasou a minha aldeia de Noota Nara de volta para casa. Queimou as suas paredes até aos alicerces.
2714,dz2a,"Os meus pais assaram as pontas das lanças no fogo do dragão - esse encanto atravessará o dragão como nenhum outro, sabe."
2715,dz2b,"Bates assim, e envias o animal de estimação do Imperador para a eternidade."
2716,dz3c,"Obrigado pelo conselho, Dreekius."
2717,dzz1,O que será viajante?
2718,dzz2,Qual é o seu veneno?
2719,dzz3,"Cyrus, não. Posso ajudá-lo?"
2720,dzz4,"O que posso fazer por ti, Cyrus?"
2721,dzz5,Já vi espadas antes. Podes guardar essa.
2722,dzz6,"- Cavalheiros! - Cavalheiros! Levem-no para fora, por favor!"
2723,dzz7,Cuidado! Acabámos de limpar o lugar.
2724,dzz8,Vais quebrá-lo? - Pagas!
2725,dzz9,"As mesmas regras de sempre, rapazes! Nem na cara, nem na glândula, e ainda menos sangue nos móveis!"
2726,dzz0,Não têm mais nada para fazer?
2727,ebla,"- Não, não. Que dor! Vapor lá em baixo quente como o Oblivion. - Não, não. Queimei as pernas a tentar arranjar o telescópio. Preciso de outra equipa."
2728,eblc,Queimaste as pernas na sala de engrenagens?
2729,ebyc,"Mantém a calma, Erasmo."
2730,echa,- Raios partam! Nunca leste quando eras criança! Os guardas protegem cada um as três cargas do seu círculo. Flash! O Flash!
2731,echb,"O Ladrão vigia o amante e a sombra. O Guerreiro ao Cordeiro, e assim por diante. Vocês, Guardas Vermelhos, são lentos!"
2732,echc,O que queres dizer com cargas?
2733,ecna,Flash! Uma contra a outra! Os teus pais não te ensinaram sobre as estrelas de Tamriel? Os 3 guardiões protegem cada um 3 cargos da serpente!
2734,ecnc,Constellações? Quem são os que são protegidos pelas constelações?
2735,ecta,"- O quê? Não, não, não. Ainda não funciona! Ele arranja o portão, mas o Rasmo não consegue arranjar o telescópio! - Não, não. Não se dobra. Os fantasmas tentaram apanhar-me, atormentar-me, flash! Flash! O Flash! Flaaasshhh!"
2736,ectb,Mas eu coloquei a maior parte de volta juntos. Nem magia! Aquele quarto de engrenagens dá dor de cabeça e queima as pernas ao Erasmo!
2737,ectc,"- Não, não, não. Parece que o arranjaste."
2738,ed1a,"Flash!!! Não, não, não, não! É o que Erasmo disse! Aqueles anões sabiam de uma coisa ou de outra. Richton mandou os seus homens para as ruínas, e eu aqui para resolver isto, Flash! Flash! O Flash! Flaaasshhh!"
2739,ed1c,Estás a dizer que este lugar é anão?
2740,ed2a,... luz! Luzzz infinitoaaaa!!
2741,ed2c,luz?
2742,edra,Anões... Flash! O Flash! Flash! O Flash! Flaaasshhh!! Eles gostavam de construir tudo em pedaços pequenos!
2743,edrb,"Os malditos gugglies separaram-se sem deixar instruções em seus flash!!, Jogos! As ruínas são demasiado grandes e assustadoras para mim! Verifica tu mesmo, vai para oeste!"
2744,edrc,- Mencionaste as Ruínas Ananas?
2745,egea,Uma engrenagem anã! Não qualquer engrenagem. Precisa de ir para o lado de fora. - Raios partam! Eu mesmo o faria se não fosse pelas minhas pernas.
2746,egec,Precisas de outra engrenagem para arranjar o telescópio?
2747,egga,"Ah haaa! Não! Encontraste um! Está bem, está bem. Mas não vou voltar para a sala de engrenagens. Vais ter de o fazer... Coloque a engrenagem no lado mais distante!"
2748,eggc,Aqui está o equipamento anão que precisa para arranjar o telescópio.
2749,egha,"Flash! O Flash! Fantasmas naquele farol! A apanhar a luz, flash! Flash! O Flash! - Não, não! Gritando-lhe: ""Rasmo, acorda, merda!"""
2750,eghc,Fantasmas? Que fantasmas?
2751,egra,"Equipas! Flash! O Flash! Corra a toda a velocidade, aqueles anões tinham cérebros muito, muito grandes! Perigo! Perigo! Lugar assustador!"
2752,egrc,"- Devagar, meu. O que há na sala de engrenagens?"
2753,egua,"Todos os miúdos de escola conhecem o Guerreiro, o Ladrão e o Mago. Claro, os anões não acreditavam na magia, por isso para eles o Mago é o Mecânico."
2754,eguc,Quais são as constelações guardiãs?
2755,egxc,Vou tentar.
2756,eh1a,"- Não, não. Assustaste o Erasmo!"
2757,eh1c,"Olá, sou o Cyrus."
2758,eh2a,Ele voltou!
2759,eh2c,"Olá, Erasmo."
2760,eh3a,Meu herói!
2761,eh3c,"Olá, Erasmo."
2762,eisa,"Ouço muitas coisas. Ouço os tubos a estremecer, as engrenagens a girar e o assobio do vapor! É curioso, Erasmo nunca ouve nenhuma mulher."
2763,eisc,Estou à procura de uma mulher chamada Iszara. Já ouviste falar dela?
2764,el1a,"És a primeira pessoa que vejo há muito tempo. Flash! Ninguém vem aqui, especialmente piratas! Estão assustados, estão a fugir!"
2765,el1c,Já alguma vez te deparaste com um pirata? Alguém conhecido como Liga Revoltosa?
2766,el2a,De fantasmas!
2767,el2c,Fugir de quê?
2768,elha,Os fantasmas de Saintsport vão apanhar-te! Vão apanhar-te! Flash! O Flash! Flash! O Flash! Flaaasshhh!! As luzes dele perseguir-te-ão!
2769,elhc,O que se passa com o farol?
2770,elta,"Raios partam! ligadas e depois apagadas, flash! Flash! O Flash! Flaaasshhh! - Mantenham-me acordado a noite toda!"
2771,eltc,Luzes no farol? Não faz sentido.
2772,eo1a,- O quê? O lugar assusta-me agora! Um antigo observatório anão... flash! Flash! O Flash! Flaaasshhh!!
2773,eo1c,O que é este lugar?
2774,eo2a,"Richton mandou-me arranjar, mas os fantasmas mantêm-me a flaaasshhh!! Acordou!"
2775,eo2c,O que é que...
2776,eora,"O Erasmo não sabe! Mas olha para o céu! Os anões sabiam do poder das estrelas, vigiavam todas as constelações e quem protegiam!"
2777,eorc,Como funciona o orelha?
2778,epla,"Uma vez, antes dos fantasmas... Levei alguns livros de anões para o Richton. Não entras lá a menos que tenhas algo que ele queira."
2779,eplc,Já estiveste no Palácio?
2781,er1c,Porque é que o Richton te mandou aqui para o arranjar?
2782,er2a,"Mas o Richton vai matar o Rasmo se não o arranjar! Eu vivia aqui, com muito espaço e coisas bonitas de metal! Ele deixava-me ficar se eu o arranjasse... Se não, cortam os braços do Erasmo e metem-no numa caixa!"
2783,er2c,"Ei, meu, pára de gritar."
2784,es2c,- O quê? - O quê?
2785,esma,Eu sei que o Erasmus está preso até eu arranjar este lixo! - Não!
2786,esmb,"Não, nada! Estou condenado! - Não, não."
2787,esmc,O que sabes da ilha?
2788,esna,"Desliza pelo céu, sempre a mudar com as estrelas. Os anões... Estão prontos para a vigiar, tal como cada guarda vigiou os seus protegidos."
2789,esnc,O que faz a constelação da Serpente?
2790,etfa,"Oração! Meu herói! Agora, eu posso... - Não, não. Posso continuar a fazer... O que faço! Pelo menos o Richton não me vai cortar os braços agora! - Não, não. Use-o como quiser, é bem-vindo aqui!"
2791,etfc,"Já podes relaxar, o telescópio está arranjado."
2793,ezz2,- O quê? - O quê? - O quê? - O quê? O que é?
2794,ezz3,"- Não, não. Visitantes... - Não, não."
2795,f401,"Lamento não ter-te dito antes, mas o Arquimago Jaganvir está preocupado que o Império feche a guilda se nos apanharem a ajudar as Coronas."
2796,f403,- Está bem. A tua irmã veio aqui com o soulgem. Ela estava frenética e insistiu em falar com um dos membros da Cabala superior.
2797,f404,Ela estava preocupada com o facto de ser seguida e precisava de restaurar o Príncipe A'tor o mais depressa possível.
2798,f406,"Para que achas que era a gema da alma, uma lembrança do seu amor perdido?"
2799,f407,O Arquimago Voa colocou a alma de A'tor na gema para salvá-lo do Império.
2800,f408,"De alguma forma, a Liga do Descanso conseguiu-o e usou-o para reunir apoiantes para recuperar o reino."
2801,f409,"De qualquer forma, Iszara cansou-se de esperar que o ataque acontecesse, por isso roubou a gema e veio aqui fazer as coisas."
2802,f411,"Mas como o Arquimago morreu na batalha, não restou ninguém com poder suficiente para restaurar o Príncipe."
2803,f412,"A Iszara estava aterrorizada. Então um dos nossos membros, um acólito chamado Joto, decidiu que iria tentar ajudá-la a encontrar outra forma de restaurar o príncipe."
2804,f414,"Iszara esteve aqui dia e noite a investigar com o Joto, a vasculhar pergaminhos e livros de feitiços para encontrar alguma pista que os ajudasse."
2805,f415,"Mas o Império deve ter percebido. Um dia, um Elfo das Trevas veio falar com Jaganvir e o próximo que sabes é que o Joto está na prisão da cidade por traição ao Império."
2806,f417,Não sei se ela escapou ou foi apanhada com o Joto ou o quê. Ele é o único que pode dizer-te e está a apodrecer numa cela.
2807,f419,Você é louco se você acha que vai entrar na prisão da cidade! O Empire tem...
2808,f41a,"Sim, o Príncipe A'tor está atrás de ti a fazer caras estranhas. Não, não funcionou."
2809,f421,Arquimago Jaganvir! Eu só estava...
2810,fapa,Falsificação. E já passou muito tempo. Acho que o Guild tem preconceitos contra os elfos por vivermos tanto tempo...
2811,fapb,"E temos o potencial de alcançar alturas com que nenhum mago humano poderia sonhar, a menos que siga o caminho da putrefação, como muitos fazem, mas suponho que só estou a ficar amargada."
2812,fapc,"Quanto tempo tem de ser aprendiz, Sra...?"
2813,fapd,"Um dia, vou chegar ao Archimago, e talvez não seja muito cedo, considerando que agora há uma vaga."
2814,fara,"Um humano chamado Jaganvir, um caso muito difícil. Ele não tem segredos suficientes para ser um Arquimago, mas o último morreu na Batalha de Stros M'Kai, então havia um vazio a ser preenchido."
2815,farc,Quem é o Mago Principal?
2816,fb1a,O meu nome é Falcigena. Eu estarei aqui.
2817,fb1c,Obrigado pela vossa ajuda.
2818,fb2a,Graças a ti.
2819,fb2c,"Obrigado, Falcício."
2820,fb3a,Volta outra vez.
2821,fb3c,"Adeus, pai."
2822,fbaa,"Uma escola de guerra criada pelo Império para testar os seus feiticeiros de batalha, uma guilda de feiticeiros de elite, na verdade."
2823,fbab,"O Arquimago Jaganvir tem os olhos postos no Battlespire recentemente, embora não entenda porque é que alguém quereria juntar-se a esses falhados."
2824,fbac,O que é o Battlespire?
2825,fbsa,"Não o Grêmio de Magos, apenas o antigo Arquimago Voador. Era nacionalista, além de membro da guilda, e não podia evitar. Foi morto por política mundana."
2826,fbsc,A Guilda dos Feiticeiros ajudou as Coronas na batalha?
2827,fbya,Poções mágicas de todo o tipo.
2828,fbyb,Outro anel mágico.
2829,fbyc,O que é que se vende?
2830,fema,Não tenho liberdade para dizer. Digamos que o Arquimago Jaganvir está a tentar manter-se no seu lado bom. Tem os olhos ávidos no Battlespire.
2831,femc,O Império interferiu com a Guilda dos Magos?
2832,ffla,Não és o primeiro a perguntar. Toda a gente parece pensar que a Guilda dos Magos tem acesso a toda a magia da terra.
2833,fflb,"Lamento dizer que o frasco não aparece há séculos. Perdido nesta ilha há muito tempo pelos elfos fundadores do frasco, que afundaram aqui."
2834,fflc,"Ouvi dizer que um antigo artefato, o frasco de Lillandril, foi perdido nesta ilha há muito tempo. Sabes de que peça estou a falar."
2835,ffld,"Fugiram da Ilha Summerset com o frasco, esperando comprar o santuário do Clã Direnni em High Rock, mas os mares só os trouxeram até aqui. Alguns dizem que há um mapa."
2836,fgta,Eu sei... Suponho que não devo falar sobre isso.
2837,fgtc,Ouvi dizer que um dos seus membros teve problemas com o Governador.
2838,fh1a,"Olá, estranho, bem-vindo ao Grêmio de Magos de M'kai, fundado em 638 EC. Sou o vendedor residente por aqui."
2839,fh1b,"Sinta-se à vontade para olhar em volta, mas lembre-se que tudo é propriedade do grupo. Se houver algo que queiras comprar, diz-me."
2840,fh1c,"Olá, minha senhora."
2841,fh2a,Olá de novo.
2842,fh2c,"Olá, Felicidade."
2843,fh3a,Bem-vindos de novo.
2845,fhea,"- Claro que sim. 25 de ouro, por favor."
2846,fhec,Vou tomar uma poção curativa.
2847,fima,"A minha aprendizagem aqui durou vários anos, e ainda não conheci nenhum membro chamado Iszara. Mas, quem sabe, muitos membros da Cabala Superior são reservados."
2848,fimc,"Duvido, mas talvez sim."
2849,fira,"Ok, são 25 de ouro."
2850,firc,Vou precisar de uma poção de pele de ferro.
2851,fisa,"Não me lembro do nome, senhor. Poderia ter sido membro da guilda?"
2852,fisc,Estou à procura de uma jovem chamada Iszara.
2853,fita,Não...impossível...Izara não roubou nada.
2854,fitc,"Por favor, Falicia, acho que sabes por que te pergunto. Iszara desapareceu pouco depois de roubar a gema da alma da Liga Revoltosa. Acho que ela pode ter vindo aqui com ela."
2855,fjga,"Não te diria se soubesse. Não fala com mundanos, e está demasiado ocupado a estudar para o Battlespire para se deixar ver ultimamente."
2856,fjgc,Achas que o Jaganvir sabe alguma coisa sobre o Iszara?
2857,flaa,"O guarda-sangue vermelho de Voa tirou o melhor dele. Morreu na Batalha de Stros, M'Kai, lutando ao lado do Príncipe."
2858,flac,O que aconteceu ao último Arquimago?
2859,fm1a,"Este, ou a própria instituição? Esta é bastante nova, há mais de 200 anos e quarto. Os magos modernos chegaram tarde a Hammerfell."
2860,fm1c,Quantos anos tem o Grêmio de Magos?
2861,fm2a,"Mas até eles finalmente aceitaram a noção de um patrocínio mais controlado e consciente para a magia. O Grêmio de Magos foi uma reação à magia em massa de antigamente, quando a magia era selvagem e desequilibrada."
2862,fm2c,Os Redguards têm fortes tradições.
2863,fm3a,"Quando se é estudante, abraça a linha institucional... se quiseres graduar-te."
2864,fm3c,Muito moderno para um elfo.
2865,fmpa,"Bem, ninguém o viu. As histórias dizem que ele foi partido em quatro. Dizem até que um dos pedaços estava inscrito no fundo de uma caixa de prata em forma de barco."
2866,fmpc,E o mapa da garrafa?
2867,fnnc,"Não, não agora."
2868,fnoa,"Não me lembro de ninguém com esse nome, mas há tantas pessoas a chegar todos os dias que não me surpreendo."
2869,fnob,"E eu seria a única a trabalhar na loja, pois a minha aprendizagem, por alguma razão cruel, parece relegada ao comércio."
2870,fnoc,"É pouco provável, mas pode ter sido uma cliente da sua loja."
2871,fpoa,"Poções curativas, poções de força e poções de pele de ferro."
2872,fpob,Também temos alguns ingredientes alquímicos à mão.
2873,fpod,"- Não. Temos sangue de orco, ectoplasma, leite de aranha. E então... Temos também a sabia de HIST... Não muito fresco, suponho, mas bom o suficiente para a maioria das aplicações."
2874,fpoc,"Poções de cura, poções de força e poções de pele de ferro."
2875,frga,Ele te protegerá dos teus inimigos. Mesmo que seja caro.
2876,frgc,E o anel?
2877,fria,Está bem. São 500 de ouro.
2878,fric,Quero o Anel.
2879,frla,Receio que não. A Guilda dos Magos tenta manter-se fora da política.
2880,frlc,Sabes alguma coisa da Liga Revoltosa?
2881,frxa,Receio que não.
2882,frxc,Sabes alguma coisa sobre o anel do arquímago Voa?
2883,frya,Não te diria se soubesse. Não fala com mundanos.
2884,fryc,Achas que o Jaganvir sabe alguma coisa sobre o anel de Voa?
2885,fs1a,"Estou muito ocupado estudando para lhe dar muita atenção. Além disso, com o Império aqui, as ruas parecem um pouco perigosas."
2886,fs1c,Que tipo de cidade é Stros M'Kai?
2887,fs2a,"Se queres saber a verdade, os espaços abertos fazem-me ficar nervoso. Muitos elfos da floresta são assim, sabes."
2888,fs2c,"Então, nunca saiste da guilda?"
2889,fs3a,"O nosso segundo céu, o verde médio. Digamos que não ando por Stros M'Kai o suficiente para saber tanto sobre ele."
2890,fs3c,Sentem a falta do leito das árvores de Valenwood...
2891,fsga,"Mmm, er, nada... Porque é que perguntaste?"
2892,fsgc,"O que sabes das gemas da alma, Falicia?"
2893,fsra,Estás de volta! Lamento ter de o fazer. Ele está louco.
2894,fsrb,Tome uma poção para as dores.
2895,fsta,Aqui mesmo. 25 moedas de ouro.
2896,fstc,Que tal uma poção de força?
2897,ft1a,Acho que também sinto. Espero que possa ajudar-te a encontrar a tua irmã.
2898,ft1c,"Tentei libertar o Joto, mas não consegui."
2899,ft2c,Ele pôs-me no caminho certo. Preciso de encontrar o frasco de Lillandril.
2900,ft3c,"Com a sua ajuda, consegui."
2901,ftha,"Não parece que tenhas o ouro. Vai-te lixar, preguiçoso e feio."
2902,fthc,"- Obrigado, senhor."
2903,fuca,"- Claro que sim. Vais estar mesmo atrás de mim, assim que tiveres dez anos de aprendizagem e puderes lançar um feitiço de ""alterar a realidade""."
2904,fucb,"O novo Arquimago, Jaganvir, não fala com ninguém, e faria com que todos os outros da guilda fizessem o mesmo, exceto eu, que dirijo a loja."
2905,fucc,Talvez possa falar com alguém da Cabala Superior...
2906,fyla,"Baixa a voz, sim? Vou dizer-te o que sei..."
2907,fylc,"Não me mintas, miúda! A Izara roubou uma gema da alma da Liga Revoltosa e acho que veio para aqui com ela! Se não me disseres..."
2908,fyy1,- Por favor! - Não! Isto não é um campo de atletismo!
2909,fyy2,- Meu Deus! Não sejas infantil!
2910,fyy3,- Já chega! Isso não tem graça!
2911,fyy4,"Por favor, pára. Vais meter-me em sarilhos."
2912,fzz1,"- Olá, senhor."
2913,fzz2,- Estás à procura de alguma coisa?
2914,fzz3,Posso ajudá-lo?
2915,focc,Dá-me o sangue do Orco.
2916,fecc,Vou tomar um pouco de ectoplasma.
2917,fspc,Quero o leite de aranha.
2918,fhsc,Tentei ser sábio.
2919,foca,- Está bem. Sou um quinto de ouro.
2920,feca,- Está bem. E eu levo cinco de ouro.
2921,fspa,"- Está bem. Cinco de Ouro, por favor."
2922,fhsa,Vai ficar bem. Sou um quinto de ouro.
2923,fyy5,"Guarda isso, por favor. Este não é o lugar para mostrar um pénis."
2924,fyy6,"- Não, senhor. Por favor, senhor. Não é permitido estar atrás do balcão."
2925,ga1a,"Folhas de aloe do sul de Hammerfell, as melhores, frescas todas as semanas. Excelente para aliviar essas dores e dores. E apenas 15 de ouro por bando."
2926,ga1c,Quanto vale o aloe?
2927,gala,Creio que o velho Vromish...
2928,galb,O Alquimista costumava pedir uma libra ou duas de vez em quando.
2929,galc,A malaquita é usada na alquimia?
2930,gald,"Mas ele está morto há sete anos, e a Guilda dos Magos compra as suas poções do maior, por isso não voltei a levar malaquita."
2931,gara,"Ele está louco por qualquer coisa anã. As ruínas anãs estão cheias de soldados, à procura de quem sabe o quê."
2932,garb,É melhor que o Rei espere que o Imperador nunca compreenda como está a desperdiçar as suas valiosas tropas!
2933,garc,O governador é fã de arqueologia?
2934,gb1c,"Obrigado pelo seu tempo, Gerrick."
2935,gbla,"Meu velho amigo Favis toca o sino para indicar a chegada de um navio, para que os comerciantes saibam que devem descer ao porto para fazer negócios."
2936,gblb,"O Rollo devia ouvir, mas eu tive problemas com ele. Ach, mas não precisas de ouvir um velho elfo a queixar-se!"
2937,gblc,A campainha?
2938,gbsa,"Se não são os piratas a roubar a tua carga, são os impostos imperiais. Mas eu consigo."
2939,gbsb,"Todos os barcos que vão para a baía de Ilíada passam por aqui. Sempre que consegue, esse preguiçoso caralho leva-o do porto."
2940,gbsc,Como estão os negócios hoje em dia?
2941,gbxa,"É um prazer fazer negócios contigo, Cyrus!"
2942,gbxc,Vou ficar com ele.
2943,gbya,- Que maravilha! O que é que precisa?
2944,gbyb,Não se arrependerá!
2945,gbyc,Gostaria de fazer uma compra.
2946,gbyd,"A melhor qualidade, garanto-lhe!"
2947,gbye,Receio que os seus fundos sejam escassos.
2948,gbyf,Receio que os seus fundos sejam escassos.
2949,gc1a,"Sim, do exótico canah, um dos meus favoritos, porque é criado na Ilha Summerset. Criado pela sua beleza, devo acrescentar. São um excelente presente por 10 de ouro."
2950,gcoa,"O único objeto que ninguém deveria perder. Não te percas de rumo outra vez. Por um pequeno investimento de 50 oros, tranquilidade para toda a vida."
2951,gcoc,Parece uma bússola decente.
2952,gdra,No extremo sul da ilha. Mas não podes entrar. Os homens de Richton selaram as portas.
2953,gdrc,Onde estão estas ruínas anãs?
2954,gf1c,Que penas interessantes que tens.
2955,gf2a,Dez de ouro.
2956,gf3a,"A beleza do canah é intoxicante, admito. 10 de ouro cada."
2957,gf3c,Preciso de mais canetas.
2958,gfla,"A garrafa de lilandrilo, famosa em canções e lendas! Da minha própria terra natal da ilha de Summerset, já sabes. E deves ter ouvido falar do MAPE MISTERIOUS."
2959,gflb,- Que supostamente mostra onde está enterrado o frasco.
2960,gflc,Ouvi falar de uma garrafa mágica escondida algures na ilha. Sabe alguma coisa sobre respeito?
2961,gh1a,"Prazer em conhecê-lo, meu bom amigo. Gerrick, teu humilde servo."
2962,gh1c,"Olá, vendedor. O meu nome é CYRUS."
2963,gh2a,"- Excelente, Ciro. - Que maravilha!"
2964,gh2c,"Gerrick, como estás?"
2965,gh3a,Ciro! É um prazer voltar a ser verde!
2966,gh3c,"Olá, Gerrick."
2967,gima,Suponho que sim. Há meses que não se vêem por estrôs M'kai.
2968,gimb,"A Liga fingia ser uma rebelde patriótica por causa da derrota da coroa, mas alguns confrontos com navios de guerra imperiais acalmaram-nos."
2969,gimc,O Império esmagou a Liga Revoltosa?
2971,gisb,"...um nome lindo, a propósito... Acho que ele pode ter-se misturado com aqueles piratas da Liga, não é?"
2972,gisc,"Pergunto-me se conheces a minha irmã, Iszara."
2973,gkma,"Bem, ela veio à minha loja há algum tempo. Em busca de malaquita - não a tenho em stock, por suposto, uma petição incomum - mas ela foi muito insistente."
2974,gkmb,"A Izara ofereceu-me uma boa soma pela malaquita, muito mais do que vale. Disse-lhe que podia entregá-la em três semanas, mas que precisava dela imediatamente."
2975,gkmc,"Por favor, se souber mais sobre a Iszara... - Não ."
2976,gkmd,"Receio que tenha experimentado a guarda do contrabandista, meu querido. Não é um lugar para entrar com um saco cheio de ouro."
2977,gl1a,Uma coleção da pior escória das lacunas de Stros M'Kai! Piratas que te cortariam a garganta ao olharem para ti!
2978,gl1c,O que sabes da Liga Revoltosa?
2979,gl2a,"Ignora o Orsone, bom Cyrus, ele é meio tolo. Do que é que estávamos a falar?"
2980,gl2c,O que é que ele disse?
2981,gl3a,Uma ameaça às rotas comerciais entre a Ilha de Somerset e a Baía de Illiaca. Pelo menos os imperiais acabaram com isso.
2982,gl3c,- Não . A liga...
2983,glpa,Aquela gangue de vilões sangrentos! Se a tua pobre irmã...
2984,glpb,"Eu estava ligado a eles, e tenho medo de pensar no que poderia ter acontecido."
2985,glpc,É isso que estou a tentar verificar. Desapareceu há três meses. O que sabes sobre eles?
2986,glpd,"Foram uma praga em Stros M'kai durante anos, embora os covardes não tenham ousado mostrar as suas caras desde que os imperiais chegaram."
2987,gm1a,"Oh sim! Segundo a lenda, o navio que transportava a carapaça e os seus donos afundou em Stros M'kai."
2988,gm1c,Conheces um mapa para a garrafa?
2989,gm2a,"Tudo isto foi há milhares de anos, antes dos guardas vermelhos chegarem a Hammerfell."
2990,gm3a,Talvez um sobrevivente tenha escondido a garrafa e feito um mapa... Quem sabe? Embora Trithik possa dizer-lhe mais.
2991,gm4a,Costumava ser um caçador de frascos. Já lhe vendi seis palhas ao longo dos anos.
2992,gm4c,"Tritik, uh?"
2993,gmaa,"Desculpe, não. Já não há muita demanda, agora que a Alquimia está fechada."
2994,gmac,Disse Iszara para quem precisava de Malaquita?
2995,gmga,"Sim, agora têm o monopólio oficial da magia de qualquer tipo. A obra do arquivo foi divulgada, aproveitou-se do seu acesso ao príncipe, às custas de nós, os pequenos empresários!"
2996,gmgb,Ainda temos de ver qual será a nova política imperial. O governador Richton está demasiado ocupado com a sua actividade arqueológica para se preocupar com uma questão tão pequena como a política económica!
2997,gmgc,A Guilda dos Magos vende poções?
2998,gnma,De certeza que vais mudar de ideias.
2999,gnmc,Vou ter de pensar nisso.
3000,gr1a,"Sim, um tipo bastante improvável, mesmo que não te importes com o cheiro. Mas vai carregar um fardo por um pênis de prata, e nem posso alugar uma mula para isso."
3001,gr1c,"Receio que possa tê-lo conhecido. Grande, deitado, desassosseado?"
3002,gr2a,"Um exagero, para ser honesto. É suposto eu ter de levar os meus carregamentos do porto quando chegarem, uma tarefa simples, se bem me permitisse, mas estou bêbado ou a dormir metade do tempo e não ouço o sino."
3003,gr2c,"Então, ele trabalha para ti."
3004,gsia,"Sim, debaixo da tenda do cartógrafo. Um segredo para vocês na cidade."
3005,gs1c,A Guarda dos Contrabandistas?
3006,gs2a,"Tenho a certeza que estes contrabandistas estão ligados à Liga Inquieta, a vender vinho de Valenwood roubado dos meus próprios barcos, a duplo preço, já que não têm competência!"
3007,gs3a,"Não posso provar nada disso, por isso."
3008,gs3c,- Não.
3010,gsha,"Uma pá resistente, o que o destemido caçador de tesouros precisa! Garantida para não se partir, arranhar ou abobinar. Uma pechincha por apenas 30 oros."
3011,gshc,A pá ali... Quanto custa?
3012,gsua,"Então, devo pedir-te notícias, Guarda Vermelha. A última vez que vi a Ilha Eterna foi quando era jovem, muito antes de tu nasceres."
3013,gsub,"Sou mais velha do que pareço! Sim, mas estático e novato. Um vendedor como eu é mais baixo que a sujeira do caminho de casa. Aqui, sou um pilar respeitado da comunidade."
3014,gsuc,"Não vou a Ilha de Somerset há anos. Um lugar bonito, se bem me lembro."
3015,gtoa,"Um design clássico, funcional e durável. Para ti, Cyrus, 20 por cada."
3016,gtoc,Quanto custa uma lanterna?
3017,gzz1,"- Olá, boa tarde."
3018,gzz2,"- Sim, é?"
3019,gzz3,Em que posso ajudá-lo?
3020,hata,"Nunca abertamente, porque até as Coroas pensavam que a Liga não era confiável. Agora são a última esperança de Hammerfell."
3021,hatb,"A morte de A'tor enviou-os para a clandestinidade, e o fogo do dragão mantém-nos ali."
3022,hatc,"Então, o A'tor tinha acordos com a Liga Inquieta, então?"
3023,hb1c,"Obrigado, Trithik. Tenho de ir."
3024,hbda,"Pelo que parece, sim. Acordei uma manhã e o quadro central estava partido. Espero que o arranje depressa."
3025,hbdc,O Lakene disse que o teu barco foi danificado por vandalos?
3026,hboa,"Desde que o fundo do mar possa reclamá-lo antes do necromante, é tudo. Que a sua alma descanse em paz do laço da alma"
3027,hboc,Como podes estar grato por o corpo do Príncipe A'tor ter sido perdido no mar?
3028,hc1a,"Ah, sim? Devia ter sabido. Isso está abaixo mesmo de um ancestral."
3029,hc1c,Parece que encontrei o teu ladrão. O Crendal não percebeu que tem a tua parte do mapa.
3030,hc2a,"Dois números, um X e a anotação ""árvore longa"", é tudo o que me lembro. Se o encontrares, fica com ele. Estou muito velho para isso."
3031,hc2c,Talvez possa recuperá-lo. O que havia no mapa?
3032,hc3c,"Talvez eu possa fazer o Crendal procurar por mim. Obrigado pela tua ajuda, Trithik."
3033,hcra,"Através dos seus agentes, sim. Mas receio que o Governador Provisório seja uma bebida especialmente amarga."
3034,hcrb,"O sangue parou de correr, embora apenas por falta de objetivos, e as coroas que sobreviveram ainda permanecem em silêncio."
3035,hcrc,O Tiber Septim fez sofrer muito as Coronas pela sua resistência?
3036,hdda,A armadilha espera aqueles que não o fazem
3037,hddc,"Então, devo ter mais medo da morte do que o normal?"
3038,hdga,"Bandeira e osso, jovem Guarda Vermelha. Procura o Casco Velho se queres ver a obra de ambos."
3039,hdgc,"Este dragão... Uma metáfora imperial, talvez?"
3040,hfka,"A lenda é mais antiga que a Guarda Vermelha. Muitos procuraram e falharam, mas quem pode resistir à atração de um tesouro perdido?"
3041,hfkb,"Quando era jovem, também procurei o frasco. Tive mais sorte do que a maioria, porque uma vez possuí uma parte da verdade."
3042,hfkc,Ouvi histórias de uma jarra mágica enterrada algures em Stros M'Kai.
3043,hfoa,"Profanadores do trono, todos. Complices do invasor, e a vergonha de Hunding."
3044,hfrc,Fala-me das Coronas.
3045,hg1a,Os ossos de Hunding! Um rato orco!
3046,hg2a,"Que se lixe, criatura!"
3047,hg3a,"Rocha o teu cabelo, coisa negra e nojenta do subsolo!"
3048,hg4a,"Falas mal dos justos, desprezível!"
3049,hg5a,- Vai-te embora! Saiam daqui!
3050,hg6a,- Saiam daqui!
3051,hg7a,Fora! Falta de corpo!
3052,hg8a,Troca-me! Hunding vai transformar-te em pedra se não te apressares a ir para a escuridão fria.
3053,hg8b,"Não incomodes mais os homens, nix-bane! Seu animal podre e nojento! Um manequim de esterco de troll! - Que mancha!"
3054,hgoa,"E piores, mas não te preocupes com eles. Estão condenados à sujeira e já não incomodam a Guarda Vermelha."
3055,hgoc,Há elfos debaixo de Stros M'Kai?
3056,hh1a,"E o meu é Trithik, rapaz."
3057,hh1c,"Olá, o meu nome é Cyrus."
3058,hh2a,Ainda vivo.
3059,hh2c,"Olá, Trithik."
3060,hh3a,"Claro, rapaz."
3061,hh3c,Trithik? Posso incomodá-lo outra vez?
3062,hhua,"Não pode, ou não quer, porque mantém os travesseiros fora de Stros M'Kai, fora e debaixo dele. Tal é a graça de Frandar Hunding que ainda os cega."
3063,hhuc,Vi a estátua de Hunding no caminho para o porto. Estou surpreendido que Richton ainda não a tenha destruído.
3064,hi1a,"Não sei o nome, mas muitos foram perdidos desde que o dragão chegou."
3065,hi1c,"Estou à procura da minha irmã, Iszara. Talvez a tenhas visto?"
3066,hi2a,"Se ela estivesse com as Coroas, contaria-a entre as baixas. A matança de Richton foi elegante apenas na sua minucialidade."
3067,hi2c,Ela desapareceu há três meses.
3068,hima,"A confusão costuma seguir a conquista, mas se o Septim tem um plano para Hammerfell, não o deixou claro."
3069,himb,"Suspeito que haja um plano maior do que o simples terror constante, porque o Richton tem homens por toda a ilha, não só aqui em Stros M'Kai."
3070,himc,O que é que os Imperiais estão a planear aqui?
3071,hl1a,Eram o cancro necessário a uma nação dividida e em guerra. Crescidos nas fronteiras onde a pele do reino é mais disputada pela espada estrangeira...
3072,hl1b,"Homens destemidos, cujos nomes são sussurrados com ódio com demasiada frequência."
3073,hl1c,O navio que me trouxe aqui foi cercado por uns bandidos chamados Liga Inquieta. O que sabes sobre eles?
3074,hl2a,"Não se engane muito com eles, pois até o príncipe os conhecia."
3076,hmpa,"Não, não, não. Desde que a minha casa no centro histórico foi destruída, fiquei no meu barco."
3077,hmpb,"Arrisquei a minha vida para salvar esse mapa, e fui justamente recompensado pela minha obsessão indigna quando ele foi roubado há algumas semanas. Ainda bem que ele já não está."
3078,hmpc,"Talvez, mas parece um desafio digno. Ainda tens o mapa?"
3079,hnca,"Um mal do oeste, assentado nas baías de cinzas cinzentas. Desfilar agora que o Império está aqui, rapaz, por isso não morras."
3080,hncc,Fale-me do Necromante.
3081,hnxc,Eu não me preocuparia mais com ele.
3082,ho1a,"E assim caíram os guardas vermelhos. Os anciãos ensinam os jovens, e quem pode culpá-los por aprenderem? Um verdadeiro Guarda Vermelha arrisca a vida pela honra, orgulho e espírito."
3083,ho1c,Por que indignado? Um mapa para um artefato mágico de incalculável valor parece um prémio digno.
3084,ho2a,"Tanto quanto um mapa perdido, mercenário. Só achei justo avisar-te contra buscar a riqueza do frasco por ganância. O mundo é maior que o teu saco de ouro."
3085,ho2c,"A ideologia não marca o lugar, meu."
3086,ho3c,"Sim, sim, eu sei. Uma espada vendida é uma espada manchada contra a verdadeira causa. Não importa por que eu quero o frasco, Trithik."
3087,hoqa,"Foi a última resistência dos leais à Coroa, e o governador Richton destruiu-a. Ainda está a arder, toda cinza e fogo de dragão. Poucos escaparam ao incidente."
3088,hoqc,O que aconteceu ao casco antigo?
3089,hpia,"Não, rapaz, um pedaço de mapa, que supostamente mostra a sua localização. Digo um bocado de verdade, mas isso é apenas um velho falando, pois o mapa pode não levar a nada, mesmo que esteja inteiro."
3090,hpic,O frasco está em pedaços?
3091,hpla,"Não, a não ser que tenhas algo que o Richton queira."
3092,hplc,Então não posso entrar no palácio?
3093,hpra,"No templo do Bendito Arkay. O irmão Nidal é o responsável por lá, e conhecia quase toda a gente da aldeia. Talvez eu saiba algo sobre a tua irmã."
3094,hprc,Onde devo rezar?
3095,hpxa,"O A'tor foi morto no mar, e foi lá que o corpo dele foi perdido, felizmente. Já começou a profecia obrigatória do seu regresso, dita em voz baixa, um mau substituto da verdadeira esperança nesta época."
3096,hpxb,"A Guarda Vermelha devia saber melhor, estar cega a presságios desesperados. O filho de Thassad deixou-nos, triste e triste, para nunca mais voltar."
3097,hpxc,O que fizeram os imperiais ao Príncipe?
3098,hr1a,"Fogo, não é? Filho de um idiota de Ancestro! Era parte de um mapa que supostamente mostrava a localização do frasco de Lillandril."
3099,hr1b,"Na minha juventude, eu era uma espécie de caçador de tesouros."
3100,hr1c,Um tal Crendal estava a gabar-se de um mapa que te roubou. Estava a mentir?
3101,hr2a,"Dois números, um X e a anotação ""árvore longa"", é tudo o que me lembro. Se o encontrares, fica com ele. Estou muito velho para isso."
3102,hr2c,Lembras-te do que estava no mapa?
3103,hr3c,"Talvez eu possa fazer o Crendal procurar por mim. Obrigado pela tua ajuda, Trithik."
3104,hria,"Bem dito, rapaz, mas eu aconselharia-te a não o fazer. Os Imperiais não toleram nenhum Guarda-Roupa no Palácio, a não ser que sejas um Forebear, e tu tens muito poucas pernas para o ser."
3105,hric,"Talvez eu deva falar com este Richton, então."
3106,hsha,Nem um dia de viagem. Só tens de seguir o caminho sobre a ponte.
3107,hshc,Quão a oeste estão as bacias?
3108,hsia,"Não posso falar pelo resto de Hammerfell, mas aqui uma confissão como esta é, no melhor dos casos, um martirio. Em Stros M'Kai reina uma perseguição silenciosa."
3109,hsic,Nem mesmo um guarda vermelho pode admitir abertamente a sua lealdade às coroas?
3110,hsma,"A derrota está em todos os rostos nativos, rapaz. A guerra custou muito à cidade, incluindo a sua voz."
3111,hsmb,"As coroas já não existem, tão destituídas de rei como a Yokuda, perdidas agora numa canção que ninguém cantará, a não ser que Richton a ouça. Muito, o Governador é a razão de Stros M'Kai estar tão calado."
3112,hsmc,"Parece ser muito tranquilo aqui, especialmente para uma cidade portuária. Como está a correr Stros M'Kai sob domínio imperial?"
3113,hssa,"A maldição do necromante, que se torce à distância, a uma morte. A magia dele arranca a tua alma se pereceres, para alimentar algum ato ainda mais negro."
3114,hssc,"O que é o ""laço da alma""?"
3115,htea,"Na praça da aldeia, à beira do lago"
3116,htec,Onde está o templo?
3117,hw1a,"Porque é que não estarias aqui, nesta narrativa? Estás a..."
3118,hw1c,Não disse nada sobre redenção ou...
3119,hw2a,"Na sua preocupação com o sangue, no sangue como fechamento. Garanto-te que vai derramar antes de encontrares a tua irmã. Uma oração pode fazer-te bem"
3120,hw2c,Como podem ser iguais?
3121,hwra,"Vejo mais do que medo no teu rosto, Redguard, seja retribuição ou redenção. Oh, às vezes são a mesma coisa. Nenhuma pode vir sem feridas."
3122,hwrc,Receio que o desaparecimento da minha irmã tenha algo a ver com a guerra civil... - Não .
3123,hxx1,- O que é?
3124,hxx2,"dias escuros, Ciro."
3126,hxx4,"Vamos atrás deles, rapaz! Fazes-nos sentir orgulhosos!"
3127,hxx5,"Rápido, Redguard! Não te vão conseguir!"
3128,hxx6,Morte ao Imperador!
3129,hxx7,"Matem-nos, Guarda Vermelha!"
3130,hyka,"A primeira terra. De onde vieram os guardas vermelhos, nos tempos do bendito Hunding"
3131,hykc,Não ouvi falar do Yokuda desde criança.
3132,hzz1,E então?
3133,hzz2,"- Não, não, não, não, não."
3134,hzz3,"Ciro, rapaz."
3135,hzz4,"Não treines aqui, rapaz. Vai dar uma volta para fora da cidade onde não ameaces as pessoas da cidade."
3138,iij2,"Primeira semente 26, CE 864"
3139,iij3,"Esta é a minha última entrada, pois vou despedir-me desta dormência de loucos, chegou a hora de agir!"
3140,iij4,"Basil e os outros lobos preguiçosos contentam-se em chorar pelo nosso príncipe e esconderem-se nas sombras, mesmo enquanto temos o que o Governador mais teme! Durante meses, o meu amor permaneceu no âmbar enquanto o Império se fortalecia."
3141,iij5,"Hammerfell será perdido para sempre se o Príncipe A'tor não for restaurado. Estou determinado, se a Liga não pode agitar o seu sono, então vou roubar a gema da alma enquanto dormem!"
3142,iij6,"De manhã estarei em Stros M'Kai, onde há outros que podem dar-me a ajuda que preciso."
3143,iij7,"Cyrus, não. A cigana disse-me que ias para Stros M'Kai. Eu ri-me na cara dele, é claro, mas deixo este aviso, se for apenas por respeito aos mais velhos."
3144,iij8,"Se o fecho de sangue abrir, então sei que é você, e peço-lhe que dê atenção a isto: deixe-me o meu dilema e volte para o caminho que mais lhe agrada nestes dias. Tens muita prática."
3145,jama,Talvez. Isso explicaria porque nenhum mago conseguiu localizar-nos.
3146,jamc,Parece que o frasco pode absorver magia.
3147,jb1c,"Paz, caminhante do deserto. Tenho de ir."
3148,jbka,Nestas prateleiras há sabedoria e loucura em partes iguais. Escolha com cuidado.
3149,jbkc,Gostaria de comprar um livro.
3150,jbva,"Uma recompensa estranha para o seu principal aliado, J'ffer concorda. E nenhuma menção de homicídio passou pelos lábios do J'ffer. Ainda assim, não há rei em Hammerfell."
3151,jbvc,Achas que o Richton se atreveu a assassinar o líder dos Ancestrais?
3152,jbya,Uma escolha excelente.
3153,jbyb,J'ffer tem a certeza que vai gostar.
3154,jbyc,Vou ficar com ele.
3155,jbyd,Que cresça em sabedoria com a sua leitura.
3156,jbye,"A tua bolsa é muito leve para cobrir o preço, vai trabalhar como todos."
3157,jcra,"Os interesses de J'ffer estão mais focados no passado do que nas revoltas atuais, mas até J'ffer pode ver que a cidade foi limpa de dissidentes."
3158,jcrb,"No entanto, os soldados continuam a rastrear a ilha, para que fim?"
3159,jcrc,É tão perigoso ser Corona hoje em dia?
3160,jcta,"Essa honra está agora reservada para as Coroas, que devem achá-lo um lugar agradável, pois nenhuma delas jamais voltou."
3161,jctc,Como é que eu entro nas Catacumbas?
3162,jdfa,"Era, é. J'ffer ouve muito, mas sabe pouco."
3163,jdfc,Queres dizer que um dragão esteve aqui em Stros M'Kai?
3164,jdla,"Ancient Tales of the Dwemer, de Marobar Sul, é mais completo, mas, infelizmente, é difícil de obter e, além disso, é um volume pesado de 16 volumes."
3165,jdlb,"Para 54 de ouro, o livro do Favoril é uma excelente visão geral."
3166,jdlc,Recomenda o Favoril's Dwarven Lore?
3167,jdra,"Como deve ser. Um sítio espantoso, cheio do trabalho inexplicável daquela aldeia desaparecida."
3168,jdrb,"No entanto, já não está aberta aos visitantes. Os Imperiais voltaram a selar as portas antigas, por razões que só o nosso honrado Governador sabe."
3169,jdrc,Ruínas anãs? Estou intrigado.
3170,jeaa,"Ah, a velha história do frasco de Lillandril desperta o teu interesse. É mais lenda do que história, mas uma boa leitura por 40 moedas de ouro. Será seu?"
3171,jeac,"Quanto é por Elven Artifacts, Volume 3?"
3172,jffa,"Menos ambicioso do que os estudos publicados por Yoonkarl, e menos preocupado com a astrologia comparada."
3173,jffb,"Embora seja uma versão decididamente humana das estrelas de Tamriel, o firmamento de Ffoulke não é desprovido de suas próprias virtudes. J'ffer pode livrar-se dele por 36 moedas de ouro."
3174,jffc,O que acha do firmamento de Ffoulke?
3175,jfha,"A obra autorizada, nada menos, e pelo modesto preço de 15 oros, pode ser sua."
3176,jfhc,Vale a pena comprar Flora of Hammerfell?
3177,jfla,"As lendas cercam-no, mas J'ffer tem a certeza de que o frasco é real."
3178,jflb,"Os escribas do Lillandril Antigo registram a sua descoberta - sim, o frasco não é de fabricação elfica, apesar do que você possa ler."
3179,jflc,O que sabe sobre este frasco lendário?
3180,jfld,"Foi encontrada, usada e perdida, mas o seu criador é desconhecido."
3181,jfra,A política da Guarda Vermelha escapa-me.
3182,jfrb,"Os Ancestrais aliaram-se ao Império para conquistar o trono, mas quem se senta no alto banco da Sentinela? Não o Barão Volag, estranhamente ausente da vista pública desde a sua vitória."
3183,jfrc,Os Forebears agora dirigem o Stros M'Kai?
3184,jh1a,J'ffer está ao seu serviço.
3185,jh1c,"Olá, caminhante do deserto. Sou Cyrus."
3186,jh2a,E água lá dentro.
3187,jh2c,O céu acima e a areia abaixo.
3188,jh3a,"Falas Ta'arga como um caminhante do deserto, Cyrus. Mas não há necessidade de tal formalidade."
3190,jh4c,"Olá, J'FFER."
3191,jisa,Uma história muito comum nesta cidade. J'ffer lamenta não poder contar com a tua irmã entre os seus amigos.
3192,jisc,"A minha irmã, Iszara, desapareceu. Conheces-a?"
3193,jlga,"Alguns dizem piratas, outros rebeldes. J'ffer sabe muito pouco para julgar."
3194,jlgb,"Dizem que são aliados secretos do falecido príncipe. Se sobreviveram à derrota das Coroas, J'ffer não pode dizer."
3195,jlgc,Já ouviste falar de um grupo chamado Liga Revoltosa?
3196,jnma,Como queiras.
3197,jnmc,Vou ter de pensar nisso.
3198,joqa,"E no seu excesso de zelo por acabar com os inimigos do seu clã, Richton o colocou em brodo."
3199,joqb,"Uma história silenciosa de Hammerfell, forjada em pedra e madeira, agora em cinzas. Os guardas vermelhos falam de fogo de dragão à noite, mas J'ffer ficou em casa e não viu nada."
3200,joqc,O Casco Antigo? O que aconteceu lá?
3201,jpla,"Um interessante quebra-cabeças arquitectónico. A estrutura actual data do início da Era Comum, um design harmonioso, isto é, até o nosso estimado Governador começar as suas renovações."
3202,jplb,As fundações são muito mais antigas e estão ligadas a um labirinto de catacumbas que podem ser anteriores à chegada dos Guardiões Vermelhos a Hammerfell.
3203,jplc,Deve haver outro caminho para entrar no palácio.
3204,jrha,"O teu gosto é patriótico. Uma história para agitar o sangue e acender a alma de qualquer verdadeiro Guarda Vermelha, embora o nosso estimado Governador possa não concordar. J'ffer só pede 20 de ouro."
3205,jrhc,"Quanto por Redguards, seus heróis e sua história?"
3206,jria,"Proclamar-se Corona pode funcionar, mas provavelmente levará a uma morte rápida. Poucos além dos Ancestrais têm acesso ao Palácio."
3207,jric,Há alguma forma de conseguir uma audiência com o Governador?
3208,jsma,"Tiber Septim tem muitos companheiros de clã, de menor reputação do que ele. A cidade dos guardas vermelhos sofre sob um dos menos, o governador provisório Richton."
3209,jsmc,"Stros M'Kai parece ser tranquilo, quase deserto. Foi assim tão dura a ocupação imperial?"
3210,jssa,J'ffer enviou quatro cópias do Lore dos Anões ao Palácio na semana passada.
3211,jssb,"Talvez não seja por acaso que Stros M'Kai, com as maiores ruínas anãs das terras do Cinturão, tenha recebido especial atenção dos membros do poderoso clã Tiber Septim."
3212,jssc,Fazes ideia do que os imperiais procuram?
3213,jsta,Certamente o nosso estimado Governador tem razões para além do sentimento Redguard.
3214,jstb,"Lord Richton mostrou-se indiferente a estas sutilezas em outros assuntos, como o destino do casco antigo."
3215,jstc,"Fiquei surpreso ao ver que a estátua de Hunding ainda estava de pé, tesouro nacional ou não."
3216,jtsa,"- É verdade. E os guardas vermelhos têm uma memória longa, como atesta a estátua no porto."
3217,jtsb,Mas a história adora os construtores de impérios. J'ffer ainda não pode dizer quem escreverá o epitáfio do Septim.
3218,jtsc,A reputação do Tiber Septim parece depender de quem perguntar.
3219,jufa,Aqui só temos a lenda para nos guiar. Dizem que o próprio Grande Mago de Valenwood foi derrotado por um criado armado apenas com uma garrafa.
3220,jufb,"Exagero, sem dúvida, mas ainda assim um núcleo de verdade - um dispositivo anti-magia de não pouca potência."
3221,jufc,Porque é que o frasco é tão valioso?
3222,jwla,Desculpem. J'ffer quase esqueceu que fala com o sem-pênis.
3223,jwlb,"As costas de Tamriel, a noroeste da nossa pátria desértica. A poderosa Tiber Septim pede para ser a mãe de todos eles, incluindo Hammerfell."
3224,jwlc,Terras de vento? Não estou familiarizado com esse termo?
3225,jzz1,Bem-vindo ao J'ffer's.
3226,jzz2,Que a tua sabedoria aumente.
3227,jzz3,Posso ajudá-lo?
3228,jzz4,"Uma folha fina, e mostra-se bem... Mas J'fer não comercializa com isso."
3229,jzz5,"Desculpe, mas não há clientes atrás do balcão."
3230,jzz6,"- Por favor, não. Esta é a minha loja, não é um lugar para gatinhos de cabrão."
3231,kb1c,Desculpe. Talvez possamos falar mais tarde.
3232,kbva,"Uma aposta que perdeu. Como antepassado, apoia a reivindicação de voos para o trono de Hammerfell. Nunca a assumi como infalível."
3233,kbvb,"Mas a guerra já acabou, e o único que se pode fazer é tirar o melhor partido da nova situação, uma filosofia que deveriam adotar mais coroas, na minha opinião."
3234,kbvc,Você não concorda com a decisão do Barão Volag de aliar os antepassados com o Império?
3235,kdla,Pelo que posso dizer. Não se vêem em estruturas M'kai há semanas.
3236,kdlb,"A sua última hora foi voar o navio insignia do governador, um gesto inútil que só levou Rickton a acabar de limpar a sua organização da cidade."
3237,kdlc,Então a liga foi eliminada?
3238,keva,Por favor. Não sou fanático pelo passado. Qualquer um pode ver que o Barão Volag foi usado e depois abandonado pelo Império.
3239,kevb,"Ele esperava ser o rei de Hammerfell, mas quem o viu desde a sua suposta vitória?"
3240,kevc,Chamas a isso vitória do império? E dos que já passaram?
3241,kf2a,"Não, desculpa, não há nada assim na minha loja."
3242,kf2c,Talvez já tenha visto uma caixa prateada em forma de barco? Tem algo que eu estou procurando.
3243,kfba,"Quando chegou, a Liga Inquieta lançou algumas ameaças, mas o Império parece tê-las sob controle."
3244,kfbb,"Anterior e coroa, isso é tudo no passado de todos os modos. Hammerfell faz parte do Império agora. Pelo menos podemos parar de nos matar."
3245,kfbc,"Admiro o seu valor, um antepassado na capital da Coroa."
3246,kfla,Parece fascinante. Adoro histórias de tesouros enterrados.
3247,kflc,"Disseram-me de uma lenda de uma garrafa mágica, supostamente enterrada algures na ilha."
3248,kfoa,"Morreu, na realidade. Ele compra a loja para a sua herança. Suponho que houve algum tipo de incidente no Casco Antigo, onde viviam as coroas mais fanáticas."
3249,kfoc,O Velho Prato... Fugiu para a guerra?
3250,kh10,"Um levantamento sentinela, não? Sou a Krisandra, ouradora de estrofes M'kai. Prazer em conhecê-la."
3251,kh1c,"- Olá, minha senhora. Sou Ciro."
3252,kh20,Ciro. O QUE você precisa?
3253,kh2c,"- Olá, minha senhora."
3254,khnh,Tens muita coragem para vires aqui.
3255,kisc,"Estou à procura da minha irmã, Izara. Conheces-a?"
3256,kisz,"Receio que não. Ainda tenho poucos amigos aqui. Espero que, com o passar do tempo, as coisas voltem ao normal, mas a guerra ainda é muito recente para as pessoas aqui esquecerem que sou um antepassado."
3257,kl1a,"O homem-maninha local. Não é uma má pessoa, não me interpretes mal, mas um pouco louca. Dificilmente o que eu chamaria a base de uma revolução."
3258,kl1c,- O quê? Quem é?
3259,kl2a,"Oh ... não . Não devia cortar, mas não vais contar a ninguém, pois não, Ciro? Parece que ele estava apostando na esquadra do contrabandista e perdeu a antiga medalha de prata da sua mulher."
3260,kl2b,"Ele veio ter comigo, desesperado por ser trocado para não ser enterrado."
3261,kl2c,O que tem a ver Lakene com a guarda do contrabandista?
3262,kl2d,"Eu gostaria de ajudar, mas não podia simplesmente reproduzi-lo a partir da sua descrição. O pobre homem, foi bastante destruído."
3263,km1a,Porque é que eu iria pensar isso? Nunca tinha ouvido falar desta garrafa antes de vir aqui.
3264,km1c,Acho que sei porque é que aqueles soldados estavam a revistar a tua casa. O governador pode pensar que tens parte de um mapa que mostra a localização da garrafa de Lillandril.
3265,km2a,"Não , não ... Mas herdei uma pilha de lixo quando comprei esta loja."
3266,km2b,"Pus tudo na minha gaveta, ao lado da minha casa, mas não tive tempo de olhar para ele. Toma, pega na chave. Se encontrares esta nave, fica com ela. Só me traz problemas."
3267,km2c,Uma peça do mapa está gravada num barco de prata. Faz-lhe lembrar?
3268,kn1a,"Estás a decepcionar-me, CYRUS."
3269,kn1c,- Desculpa. Não preciso de mais entranhas imperiais.
3270,knwa,Chegou há apenas 2 meses. Estou sempre a tentar arranjar as coisas.
3271,knwb,"O antigo proprietário não devia ter limpado este lugar em 20 anos, havia tanto lixo empilhado. Vou tirar a maior parte do meu alforreco do lado só para tirá-lo do meio."
3272,knwc,"Então, és novo aqui?"
3273,koqa,Foi antes de eu chegar. As pessoas aqui contam histórias fantásticas.
3274,koqb,"Pelo que sei, os coronéis queimaram as suas casas ao redor das suas cabeças antes de se renderem depois dos imperiais terem tomado a cidade."
3275,koqc,Sabe o que aconteceu?
3276,koqd,"Alguns achariam admirável, mas eu acho que os guardas vermelhos dão muita importância ao fanatismo."
3277,kria,"A desculpa é exagerada. Ele serviu-o durante a guerra, mas não é um traço que garanta a sua lealdade a uma nova província."
3278,krib,Pergunto-me quanto sabe Tiber Septimium do que o Rickton está a tramar aqui em Hammerfell.
3279,kric,"O que sabe do novo governador provisório, Richton?"
3280,krla,"Sei que soam como qualquer outro, mas eram apenas piratas, usando a guerra civil como cobertura para os seus crimes."
3281,krlc,O que posso dizer da Liga Revoltosa?
3282,krle,Foram uma mancha negra para a causa da coroa desde o início. A destruição da Liga é uma das poucas coisas boas da vitória do Império.
3283,ks10,Ciro! O que aconteceu com aqueles soldados na minha casa?
3284,ks1c,Disseram-me que havia um esconderijo de contrabandistas debaixo da tenda do cartógrafo. Já ouviste falar dela?
3285,ks1k,"- Sim, eu sei. Caverna do contrabandista! - Não! Um nome muito bom para um lugar onde os rapazes locais vão afastar-se das suas mulheres e jogar às cartas."
3286,ks2c,Então achas que não há nada mais sinistro do que isso?
3287,ks2k,"- Está bem. Ouvi rumores de que ele estava ligado à Liga Revoltosa, mas é difícil de levar a sério se um palhaço como o Lakene entrou."
3288,ksda,HMPH! O governador deve esperar que não lhe cause problemas com isso. Que razão teriam para terem os seus soldados a entrarem na minha casa?
3289,ksdb,"Um antepassado leal de todos os homens, um dos seus poucos potenciais aliados na cidade! Não é um bom sinal para o futuro do Império aqui em Hammerfell."
3290,ksdc,Matei vários soldados imperiais que entraram na tua casa. Espero que isso não te cause problemas com o governador.
3291,ksec,É o autor original do Sentinel?
3292,ksek,"O Sentinel está cheio, e quando ouvi falar de um negócio para venda aqui, decidi aproveitar a oportunidade. Até agora, não tive muitos problemas com os habitantes."
3293,ksen,"Sim, eu tinha uma loja lá durante seis anos... Na rua Market, talvez a conheça."
3294,ksmc,Como é que o M'kai estrou sob ocupação imperial?
3295,ksmk,"Ele sofreu muito. O incidente no casco antigo parece ter deixado a cidade em estado de choque. Afinal, a Coroa perdeu a guerra. Não se pode esperar que o superem em meses."
3296,kssa,Pensei que ias tratar disso!
3297,kssb,"Sim, e tu recusaste-te a ajudar-me! MUDASTE de ideias?"
3298,kssc,Você está ciente de que soldados imperiais estão saqueando sua casa?
3299,kssd,"O quê?! CYRUS, pareces ser muito bom com a espada. Embora eu deplore a violência, eu deploro ser roubado ainda mais. Vão detê-los?"
3300,ksxc,Ainda estou a trabalhar neste pequeno problema.
3301,kskc,Não te vão incomodar mais.
3302,ktla,"Os antecedentes não são muito populares por aqui, sabias? Nunca me envolvi muito na política, mas sempre apoiei a causa dos antepassados."
3303,ktlb,"Antes da guerra, tudo isso não importava. Eu tinha muitos amigos que são coroas. Mas agora as coisas são diferentes."
3304,ktlc,Por que os aldeões te fariam problemas?
3305,ktsa,A expansão do império foi feita segundo os méritos dos servos do Imperador.
3306,ktsb,"De acordo com todos os indícios, o governador de Septim em Alto Rock acabou com as rancores dos reis bruxos ali com tato e habilidade."
3307,ktsc,"Tiber Septim, o colosso da nossa geração, novo e autoproclamado Imperador de Tamriel. Qual é a sua opinião?"
3308,ktsd,"O representante do Imperador aqui em Stros M'kai não é do mesmo calibre, e como resultado o Imperador é mal visto."
3309,kwra,"Melhor que Stross M'Kai. Antes de vir aqui, pensava que as histórias que tinha ouvido eram apenas propaganda da Coroa."
3310,kwrb,"As coroas recuperaram a Sentinela antes do Império intervir, mas não foi nada disso."
3311,kwrc,Não volto ao Sentinel desde antes da guerra. Como é que te foi?
3312,kwrd,"Stros M'kai era o centro da resistência da coroa, e suponho que o Império esteja a dar um escudo à cidade."
3313,ky1a,Cuidado!
3314,ky1c,Com muito gosto. Não demorarei mais do que um minuto.
3315,kzz1,"- Sim, senhor."
3316,kzz2,Estás à procura de alguma coisa?
3317,kzz3,"Oh, não. Olá, minha senhora."
3318,kzz4,"Por favor, não entre nas instalações como uma criança de 10 anos."
3319,kzz5,"- Descanse, por favor."
3320,kzz6,"O que é que estás à procura? Abaixo, por favor?"
3321,kzz7,"Você está livre para olhar em volta, mas não para trás do mostrador, por favor."
3322,kyy1,"Desculpe, mas onde eu venho, os cavalheiros não cumprimentam as senhoras com os pénis."
3323,kyy2,Os teus pais não te ensinaram a não ameaçar mulheres desarmadas com memes?
3324,kyy3,Põe isso de lado. Acho isso extremamente ofensivo.
3325,lb1c,Falamos mais tarde.
3326,ldra,"Poder! Antes que percebas, teremos carruagens a vapor e máquinas voadoras. Por alguma razão, todo o Império está interessado nos anões."
3327,ldrb,"Claro, claro, o Príncipe A'tor, Arkay abençoe a sua alma, poderia ter dito que eram perigosos e que devíamos deixar as civilizações mortas em paz, mas, demônios, homem, há progresso a ser feito."
3328,ldrc,O que espera encontrar lá o Império?
3329,lfla,- Espera aí! - Espera lá! Esses anões compensaram a sua falta de magia de outras formas. A magia é a mochila do mundo!
3330,lflb,"Porque construir uma ponte melhor quando um mago pode teletransportar-te para o outro lado? As coisas têm sido as mesmas há milhares de anos, e em breve acabarão."
3331,lflc,Máquinas voadoras? - Estás bem? - Sim.
3332,lfxa,"Se é um anão, a resposta está nas ruínas. E não vou desafiar os homens do Richton lá em cima."
3333,lfxc,E tu és bom com a chave inglesa e sabes muito sobre estes anões. Alguma ideia para arranjar o Observatório?
3335,lg2a,Eu... Eu... Não sei do que estás a falar.
3337,lg4a,"Não tenho comida comigo, desculpa."
3338,lg5a,- O quê?
3340,lg7a,"Oh, estás enfeitiçado. Vais precisar de outro mago para o remediar. Ou esperar que não dure para sempre."
3341,lgla,"Oh, não é mau! Conseguiste! Estou salva! Nunca mais voltarei a essa Guarida, não, senhor!"
3342,lglb,"Não mais para mim! Mas tenta tu mesmo... A palavra-passe que precisas é ""Lúpula"". Tem cuidado, Cyrus. E obrigado de novo."
3343,lglc,"Está bem, Lakene. Aqui está o teu medalhão. Agora, diz-me a senha."
3344,lgma,"Acalma-te, por favor! Não sei nada. Só lá estive para jogar algumas vezes."
3345,lgmb,"Ouvi dizer que a Liga vai lá, mas não os vi nem a Iszara! Eu juro. E se a minha mulher souber das apostas... ...eu estarei morto!"
3346,lgmc,"Estás a jogar com o medalhão de prata da tua mulher? Não é bom. Diz-me o que quero saber. O que sabes sobre Iszara, a Liga, e que Den!"
3347,lgpa,"Claro, claro, claro. Mas primeiro tens de me ajudar, Cyrus. - Por favor, não. Retira o meu medalhão de prata daquele Rollo e eu dou-te o código. Eu juro. - Por favor, não."
3348,lgpc,"Então, dá-me a senha e eu trato disso."
3349,lh1a,"- Não, não. És novo aqui, não és?"
3350,lh1c,"Olá, sou o Cyrus. E você é?"
3351,lh2a,- Não. Tu outra vez.
3352,lh2b,Encontraste o meu medalhão?
3354,lisa,- Iszara. O nome me lembra. Mas não posso dizer que sim.
3355,lisc,Sabe alguma coisa de uma mulher chamada Iszara?
3356,llga,"Não, nada. Quem disse que eu sabia?"
3357,llgc,O que sabes sobre a Liga dos Revoltosos?
3358,lllc,"Está bem, Lakene. Aqui está o teu medalhão. Sei que andaste a brincar na Guarida do Contrabandista, Lakene. E preciso de entrar lá."
3359,lmya,"As ruínas. Nas montanhas. Anões, marinheiro. Morridos há muito tempo. Um antigo tesouro tecnológico."
3360,lmyb,O Império está à procura do mundo para tal conhecimento. Talvez o tenham encontrado aqui.
3361,lmyc,O verdadeiro mistério? Já ouvi demasiados.
3362,lp1a,Não sei do que estás a falar.
3363,lp1c,Sabes a senha da Guarda do Contrabandista?
3364,lp2a,"Muito para a honra da Guarda Vermelha! Tínhamos um acordo, Cyrus. Não há senha até eu conseguir o medalhão."
3365,lp2c,Não consegui arranjar o medalhão. Dá-me o código.
3366,lroa,"Um tipo fedorento, um traidor de cartas. Ganhou esse medalhão com enganos, o abdômen de pó!"
3368,lsca,"É isso mesmo. Os anões sabiam como usar o vapor. Podes rir, mas é uma força poderosa e o Richton tem os seus rapazes a olhar para ele agora."
3369,lscb,O Império pode ter o que precisa para conquistar toda Tamriel antes do que pensas.
3370,lscc,"Carros a vapor, não é?"
3371,lsda,Nunca estive lá.
3372,lsdc,O que sabes da Guarda dos Contrabandistas?
3373,lsma,"Sou o que toda a gente gosta de chamar de ""Sr. Manitas. Na verdade, estou amaldiçoado por isso."
3374,lsmb,"Ah, não. E, a propósito... Se vires um homem chamado Trithik, diz-lhe que vou ao seu barco quando tiver tempo"
3375,lsxc,"Se eu vir o tipo, eu digo-lhe."
3376,lsmd,"E quanto ao que me mantém em Stros M'Kai, com o Império e o Richton e tudo... Bem, eu vivi aqui há muito tempo, tenho amigos e raízes aqui..."
3377,lsme,E Stros M'Kai tem raízes profundas... história antiga... É aí que está o verdadeiro mistério.
3378,lsmc,E o que te mantém em Stros M'Kai?
3379,ltba,"Não sei, a verdade. Acho que teve uns bandidos à noite."
3380,ltbc,O que se passa com o barco do Trithik?
3381,lxx1,Guarda vermelha.
3382,lxx2,Já encontraste o meu medalhão?
3383,lxx3,"É bom ver-te, Cyrus."
3384,lxx4,"Oh, meu joelho!"
3385,lxx5,"Cuidado, meu."
3386,lxx6,Não fiz nada de mal!
3387,lxx7,"O que se passa, Redguard?"
3388,lxx8,"Olá, minha senhora. Posso ajudá-lo?"
3389,lyda,- Raios partam. Onde é que ouviste isso?
3390,lydb,"Olha, isso não é algo de que eu esteja orgulhoso, por isso baixa a voz. Vamos mudar esta conversa para outro lugar."
3391,lydc,"Sei que tens apostado na Guarda do Contrabandista, Lakene. E preciso de entrar lá."
3392,lzz1,"Olá, minha senhora."
3393,lzz2,Desculpe. Posso ajudá-lo?
3394,lzz3,"- Sim, sim, sim."
3395,lzz4,"Bela folha. Mas não gosto de ser agitada, nem mesmo em brincadeira."
3396,mb1c,Obrigado Maria.
3397,mcha,"Saudações, estranho!"
3399,mchd,"Olá, Cyrus."
3400,mcla,"Podia tentar no covil do contrabandista, eu vi-os lá de vez em quando."
3401,mclc,Alguma ideia de como posso contactar a Liga dos Revoltosos?
3402,mcra,É isso que eu sou. Embora não tão apaixonado como muitos outros. Ainda bem que a guerra acabou. A vida continua e os tempos mudam. Vou tentar manter a nossa doce cidade tão justa quanto possível...
3403,mcrc,Só posso supor que és um Corona.
3404,mcta,"Espero que ele estivesse só a ver a Maiko, a cartógrafa, e não os rapazes da Guarda do Contrabandista lá em baixo."
3405,mctc,O cartógrafo? Pergunto-me o que quereria lá.
3406,mcwa,"Especialmente esta. Primeiro A'tor e as coroas derrotam os Ancestrais, depois chega o Império... É muito para estas paredes para lidar"
3407,mcwc,As guerras nunca foram boas para uma cidade.
3408,mfla,Só as histórias. Perdido na ilha pelos elfos há muito tempo. O sonho de um caçador de tesouros
3409,mflc,"Mariah, sabes alguma coisa sobre o frasco de Lillandril?"
3410,mfoa,"Os Ancestrais afirmam ser os primeiros descendentes de Hammerfell, enquanto as Coroas remontam à linhagem dos primeiros governantes."
3411,mfob,"Tem sido assim por gerações. E Tiber Septim tenta, onde muitos falharam, unir o mundo de Tamriel."
3412,mfoc,"Parece que não tens rancor dos Ancestrais... ou ao Império, na verdade."
3413,mfta,Uma luta!
3414,mftb,- Ajuda-me! Os imperadores voltaram!
3415,mftd,"Foge, Redguard!"
3416,mgca,"Voltar a mudar-te?! Isso é demais, querida. Procura um mago para isso."
3417,mgra,"- Olá, minha senhora. Não tenhas medo."
3418,mgrb,Isso é muito doce!
3419,mgrd,"Oh, meu Deus. O que aconteceu então?"
3420,mgre,"É melhor voltares para as cavernas, querida, antes que o Hunding te veja. Ele vai transformar-te em pedra!"
3421,mgrf,"O que foi isso, querida?"
3422,mgrg,Não tenho tanta certeza disso.
3423,mgrh,O que é que isso significa?
3424,mgri,"Teremos de o ver, não é?"
3425,mh1a,"Sim, o meu nome é Mariah. O que posso fazer por si?"
3426,mh1c,"Desculpe, senhorita, posso falar consigo?"
3427,mh2a,O que posso fazer por si?
3428,mh2c,"Desculpa, Mariah."
3429,misa,Costumava vê-la por aí. Mas isso foi há muito tempo. A última vez que a vi...
3430,misb,- Não. Ele estava a ir para o cartógrafo. Nunca mais a vi.
3431,misd,"E isso foi há três meses, se for um dia."
3432,misc,Conheces uma mulher chamada Iszara?
3433,mkta,"É um dos membros do templo. Ela adorava o parque. Ficava a olhar para a cascata e a escrever no seu diário. Um Corona apaixonado. Mas agora que o dizes, não o vejo há meses."
3434,mktc,O que é que dizias sobre o Kithral?
3435,mlga,"- São assustadores, francamente. Eles existem desde os dias do Thassad, e ninguém parece saber muito sobre eles."
3436,mlgb,"Parecem permanecer o mais silenciosos possível, não como os piratas habituais, há algo mais neles"
3437,mlgc,O que sabes deste grupo de rebeldes da Liga?
3438,mlsa,"Embora a beleza da cidade não seja uma das preocupações de Lord Richton, ainda assim precisa de se dar o ar adequado, caso o seu Imperador, Tiber Septim, o veja."
3439,mlsb,Todos os líderes gostam de jardins cheios e o cheiro de sucesso no ar.
3440,mlsc,Estou surpreendido que o Richton continue a permitir essa prática.
3441,mpka,"Ao pé da cascata! É uma vergonha que não tenhas reparado... Vou ter de dedicar mais tempo a ele. As pessoas gostam muito, especialmente aquele Arkay, o Kithral."
3442,mpkc,Onde fica o parque?
3443,mpla,"O Richton não gosta de convidados não convidados, e não há forma de infiltração que eu saiba."
3444,mplc,Alguma ideia de como posso entrar no palácio?
3445,mpwa,"- Não, não. Eu me afasto desse tipo de problemas."
3446,mpwc,"E não sabes a senha do covil, pois não?"
3447,msda,"Abaixo do Cartógrafo. Vi entrar e sair de lá todo o tipo de pessoas, até os chamados ""membros da Liga"" de vez em quando. Espero que Iszara não tenha acabado por lá."
3448,msdc,O que sabe sobre esta Guardia de Contrabandistas?
3449,msma,"Não tanto quanto antes. Passo o dia a fazer jardinagem. Antes da guerra civil, éramos mais. A praça da aldeia e o parque eram muito bonitos. Mas faço o que posso."
3450,msmc,E o que te espera a vida em Stros M'Kai?
3451,mzz1,"- Não, senhor."
3452,mzz2,"Desculpe, não sei."
3453,mzz3,"Bom humor, senhor."
3454,mzz4,"O que pensas que estás a fazer com isso, rapaz? Guarda-o agora mesmo."
3455,n8ha,"Claro, meu amigo."
3456,n9ha,"Não tens o ouro, eu vejo."
3457,n0jb,"Não, eles queriam restaurar o príncipe através do soulgem. O campo de estase teria interrompido a transferência. Tinham de se livrar dele."
3458,n1ha,"Por favor, perdoe as formalidades, mas o Governador impôs um imposto de templo de 25 oros por qualquer serviço mágico prestado, de cura ou de outro tipo. Vais pagar o imposto?"
3459,n1hc,"Podes curar-me, irmão Nidal?"
3460,n1ka,As cavernas? O que poderia estar a fazer ali?
3461,n1kc,"Irmão Nidal, tenho más notícias. Encontrei o corpo de KITHRAL nas cavernas, está morto. - Desculpa."
3462,n2hc,- Está bem.
3463,n2jb,Pobre rapaz... O que esperava conseguir?
3464,n2jc,Encontrou o seu diário entre os restos. Devia ler isto.
3465,n2jd,"Cyrus, agora considero-te um amigo. Obrigado por esta ""infeliz"" notícia do meu iniciado; pelo menos agora sei o seu destino"
3466,n3ha,"Sinto muito, mas não posso ajudar."
3467,n3hc,Esqueça.
3468,n3ja,O anel de Voa foi usado para enfeitar o corpo do Príncipe.
3469,n3jc,"O Arquimago Voa é mencionado no diário, e o seu anel mágico, que tanto Kithral como a minha irmã estavam à procura..."
3470,n4ha,"Não vejo nada de mal em ti, rapaz. Conta as tuas bênçãos"
3471,n4ja,Para dissipar o campo de estase do corpo.
3472,n4jc,"Então, eles teriam usado..."
3473,n5ha,"Devo pedir-lhe para pagar o imposto do templo, claro. - Vais fazê-lo?"
3474,n5hc,"Preciso que me cuides de novo, irmão."
3475,n5jb,"Cyrus, agora vou contar-te como um amigo. O destino de Kithral é revelado, e eu vou trazê-lo em minha confiança."
3476,n5jc,Porque é que fariam isso? Isso só serviria para mandar o corpo à putrefação.
3477,n6ha,"Lembre-se, estas são as regras do Governador Cyrus, não as do nosso bendito Arkay. Lamento não poder ajudar."
3478,n6ja,"O corpo do Príncipe A'tor está aqui, no templo."
3479,n6jc,Continua.
3480,n7ja,"- Sim, eu sei. É o único lugar seguro para ele. Não podemos... enterrar"
3481,n7jc,- Está?
3482,n8ja,"Há um feitiço de estase sobre ele, para preservá-lo e evitar a sua decomposição. O Arquimago Voador enfeitou-o assim, logo após a morte do Príncipe."
3483,n8jc,- Porquê? - Porquê?
3484,na1a,"És um seguidor do Arkay, Cyrus?"
3485,na2a,"Então, em que sentido?"
3486,na2c,"Eu? Eu? Não, não, não. Bem, não no sentido de adorador."
3487,na3a,E a importância do Arkay seria...?
3488,na3c,"Não estou tão desorientado, irmão, acredito nos deuses, e na sua, você sabe, importância para o homem e tudo o mais."
3489,na4a,Segue a corrente de um velho.
3490,na4c,"Normalmente sou eu que faço todas as perguntas, irmão Nidal."
3491,na5a,Que ele cuide de ti.
3492,na5c,"Arkay, então, seria o pastor da alma, que nos vigia através das nossas vidas e mortes, que nos guia entre elas no intervalo celestial."
3493,nb1a,"Bem, antes que desapareça!"
3494,nb1c,"Antes de quê, irmão Nidal?"
3495,nb2a,"Vou ser honesto, Cyrus. Está morta ou pior, porque sei que não teria abandonado Stros M'Kai, nem mesmo depois da derrota de A'tor."
3496,nb2c,Espero que me conte se souber algo mais sobre a minha irmã.
3497,nb3a,"Richton tinha uma lista de rebeldes quando subiu ao trono, e o nome de Iszara estava certamente nela."
3498,nbka,"Enviei-o ao parque para buscar raiz de mandrágora fresca, e é onde os homens do Richton provavelmente estavam à espera."
3499,nbkb,"Kithral estava contra a expansão imperial desde o início, embora lhe tenha lembrado que Arkay encarava os interesses mais... Seculares."
3500,nbkc,Quando é que viste o Kithral pela última vez?
3501,nbkd,Esta advertência Kithral obviamente não levou a sério.
3502,nbya,"Adeus, meu filho."
3503,nbyc,"Até logo, irmão Nidal."
3504,ncaa,"Ou é isso, ou são frutas para o necromante. De certa forma, é apropriado que o Richton se encarregue daquela babosa nefasta."
3505,ncac,Então os homens de A'tor estão nas Catacumbas?
3506,ncoa,"Então sabe que são bandidos e sanguessugas, que nada gostariam mais do que gravar o seu símbolo nos olhos do Imperador por ousarem colocá-los em Hammerfell..."
3507,ncob,"E saibam que secretamente serviram o Príncipe contra os Ancestrais durante a Guerra Civil, para ajudarem A'tor a recuperar a Sentinela."
3508,ncoc,"Sei ainda menos sobre a Liga do que tu, irmão, incluindo histórias comuns."
3509,ncra,"Receio, tristemente, que os dias das Coronas tenham acabado. A aliança dos Ancestrais com o Imperador Septim garantiu-o."
3510,ncrc,"Iszara era uma Corona, eu sei. Como Corona, qual seria o seu destino?"
3511,ncua,O próprio solo de Stros M'Kai está amaldiçoado. O N'Gasta tornou-se muito poderoso e teceu uma rede de almas por toda a ilha.
3512,ncub,Qualquer um que morre deve realizar rapidamente os seus últimos rituais antes que as suas almas sejam suas para as reclamar.
3513,ncuc,Como é que o N'Gasta amaldiçoou a terra?
3514,ndra,"Chama-se Nafaalilargus, e vive nas Catacumbas, ou é o que ouvi."
3515,ndrb,"Não foi visto no céu desde a batalha, então talvez Richton esteja a mentir quando diz que ainda está por aqui."
3516,ndrc,Os imperiais têm um dragão?
3517,ndva,"Richton queria rescindir o direito das coroas ao santuário enquanto estavam feridas, ou profanar os corpos dos mortos inimigos antes de lhes dar a ex-munção."
3518,ndvc,O que é a Lei Divina?
3519,nf1a,"Vivendo em Stros M'Kai só compreende a definição da Coroa, claro:"
3520,nf1b,"Que os Ancestrais eram os pretendentes ao trono, que traíram a República e que Hammerfell foi amaldiçoada pela sua covardia."
3521,nf1c,Fala-me dos Ancestrais.
3522,nf2c,"Escapou de Hammerfell antes da guerra civil, e sem remorsos."
3523,nf3a,"A guerra custou muito a esta cidade, Cyrus, mesmo que um estrangeiro não o veja. As coroas já não existem, e só resta a Liga como testamento."
3524,nf3c,É provavelmente por isso que o Iszara nunca te falou de mim. Só soube do desaparecimento dele através de um amigo em comum.
3525,ng1a,"Não, não posso, Cyrus. Precisas de um mago para isto, não de um padre. As magias são diferentes na prática."
3526,ng1b,"Além disso, o corpo está rodeado por um campo de estase. Mesmo que pudesses encontrar alguém que pudesse fazer funcionar a magia da gema da alma, o próprio campo bloquearia a transferência da alma."
3527,ng1c,"Tenho a gema da alma, irmão Nidal. Podes fazer a sua magia?"
3528,ng1d,"Além disso, também precisas do anel, para libertar o corpo do campo de estase e para a alma poder ser transferida. O anel também, não posso usá-lo. - Tens mesmo?"
3529,ng2a,"Então, tens tudo o que precisas para trazer o Príncipe de volta."
3530,ng2c,"- Sim, eu sei."
3531,ng3a,- Exactamente.
3532,ng3c,Excepto pelo mago que pode usá-los.
3533,ng4a,"Precisas de o encontrar, também, se queres trazer o Príncipe de volta."
3534,ng4c,Ainda não.
3535,ng5a,Isto vai romper o campo de estase!
3536,ng5c,"Tenho o anel do Arquimago Voa, irmão Nidal."
3537,ng6b,"Além disso, precisarias da gema da alma, também, se quiseres restaurar o Príncipe. A gema da alma também está além da minha magia. - Tens mesmo?"
3538,ng6c,- Podes usá-lo?
3539,ng7a,"Agora, tens de encontrar um mago que possa usar tanto o Anel como a gema de alma para trazer de volta o Príncipe."
3540,ng8c,"Está bem, eu vou."
3541,ng9a,O Anel sozinho só vai fazer o Príncipe em pó. Precisas de encontrar a alma-gem para o curar.
3543,ngva,Que é um homem duro. Richton ameaçou destruir o templo quando me recusei a entregar os feridos do príncipe A'tor que sobreviveram à batalha.
3544,ngvb,"Eu garantei-lhe que nem o seu Imperador poderia desafiar a lei divina. No entanto, os feridos sob meu cuidado foram curados apenas para serem lançados nas Catacumbas depois"
3545,ngvc,O que me pode dizer sobre o governador?
3546,nh1a,"Irmão Nidal, bom filho. Bem-vindo ao Templo de Arkay."
3547,nh1c,"Olá, irmão. Sou Cyrus, recente nesta praia."
3548,nh2a,"É bom ver-te, Cyrus."
3549,nh2c,"Olá de novo, irmão Nidal."
3550,nh3a,"Olá, Cyrus. - Olá, minha senhora."
3551,nh3c,Irmão
3552,nisa,"Conhecia-a bem, na verdade, mas nunca mencionou ter um irmão. Era uma mulher ardente, como deves saber, e o seu sangue da Guarda Vermelha não se encaixava bem com o domínio imperial."
3553,nisb,Não é a única nacionalista que desapareceu desde que o Governador reclamou a cidade. Houve outros.
3554,nisc,A minha irmã Iszara desapareceu há cerca de três meses. Talvez já tenha ouvido falar dela?
3555,niza,"Não, não, não. Ela nunca fez parte do exército. Mas podia ter sido. Era boa com a espada... Pelo que ouvi"
3556,nizc,A minha irmã lutou na Batalha de Stros M'Kai?
3557,nj1a,"Parece que iam devolver a vida ao Príncipe, por assim dizer, assim como o Arquimago Voa conservou o corpo do Príncipe, também conservou a sua alma."
3558,nj1b,"O corpo estava a morrer de veneno da flecha negra, era a única forma de salvá-lo."
3560,nj1d,"Voou separando o corpo e a alma, e protegeu-os a ambos, na esperança de que um dia pudesse curar o corpo e restaurar o príncipe."
3561,nj2a,O dragão...
3562,nj2b,"Sim, você está certo. Não faz muito sentido, pois não?"
3563,nj2c,Mas Voa morreu muito cedo.
3564,nj2d,"É costume dos Redguards preservar os seus grandes líderes em estase para que possam ser vistos eternamente na sua plenitude. Quebrar a estase seria traição, ou mesmo arrogância."
3565,nj3a,Tenho a certeza que tens razão.
3566,nj3c,Há algo que ainda não estamos a entender. Tanto Iszara como Kithral eram coroas; o que eles tinham planeado para o príncipe só teria sido para seu benefício.
3567,nj7c,"Irmão Nidal, sei que tens o corpo do Príncipe A'tor aqui no templo."
3568,nlra,"É comida para o dragão, provavelmente. Mas pelo menos as suas almas estão a salvo do Necromante."
3569,nlrc,O que aconteceu aos corpos dos homens de A'tor após os seus últimos rituais?
3570,nn1a,"O N'Gasta está aqui há muito tempo, a manifestar-se no bom governo do Thassad. A'tor tinha mantido a sua desgraça em segredo, mas agora, sem o Príncipe, amaldiçoou a terra."
3571,nn1c,E este necromante?
3572,nn2a,"Passará um tempo antes que a sua rede repugnante seja igualmente assassinada. Mesmo que ainda não possa alimentá-la, temos de sofrer até que ela se espalhe pelos ventos e desapareça."
3573,nn2c,Matei o Necromante.
3574,nnta,"Como disse, conhecia-a bem. E eu falava com frequência com o irmão Kithral, meu antigo iniciado, mas ele também desapareceu."
3575,nntb,"Era uma Arcaína devotada, Iszara. Uma vez, quase a convenci a juntar-se ao templo, mas isso foi antes dela... Bem, então..."
3576,nntc,"Conheces alguém com quem Iszara possa ter feito negócios, seja nacionalista desaparecido ou não?"
3577,noca,"Só tens o teu sangue de Redguard para responder a isso, rapaz. Quando é que Hammerfell sofreu domínio estrangeiro?"
3578,nocb,"A guerra civil foi sangrenta, sem dúvida, mas quando os Ancestrais aliaram-se ao Império, os Coroados sentiram-se traídos pelos seus."
3579,nocc,Vi o Império expandir-se por toda Tamriel nas minhas viagens. Porque é que a ocupação de Stros M'Kai está cheia de mais sangue que a maioria?
3580,nocd,"Estavam preparados para lutar até ao último homem, e o Império enviou o Almirante Richton para garantir que o fizessem."
3581,nota,"O irmão Kithral, o meu iniciado e bom amigo, por exemplo. Era um homem franco e simpatizante da Coroa."
3582,notb,"Estava apaixonado pela tua irmã, devo dizer, e aceitou a sua propaganda da Coroa com facilidade."
3583,notc,"Que ""outros"" desapareceram?"
3584,npaa,"Não te vou ajudar a fazê-lo, Cyrus. É muito perigoso."
3585,npac,Como é que ele poderia entrar no palácio?
3586,npta,"Estava... Perdido no mar, meu filho. É tudo o que sei. E então... que rumores diziam que Iszara o conhecia pessoalmente."
3587,nptc,E o Príncipe A'tor?
3588,nria,"Que devias ficar longe dele, rapaz. Não lhe importará se és um Corona ou não, se souber que és o irmão de Iszara."
3589,nrib,"No entanto, provavelmente estás seguro na cidade por enquanto, já que parece que nunca sai do palácio."
3590,nric,O que mais sabes do Richton?
3591,nrla,"Eu... Eu... Sei muito pouco sobre as suas actividades, Cyrus. As histórias comuns, claro, mas não muito mais."
3592,nrlc,"Há algo que me possas dizer sobre a Liga Inquieta, irmão?"
3593,nsea,De onde A'tor foi forçado a fugir pouco depois da morte do pai.
3594,nseb,"Sim, mas as Coronas reuniram-se aqui, em Stros M'Kai, e avançaram para o norte para recuperar a sua cidade-trono... Mas, por essa altura, o pacto imperial já estava fechado."
3595,nsec,"Sentinela, a capital"
3596,nsma,"Devias ser capaz de o ver apenas pelos rostos nas ruas, meu rapaz."
3597,nsmb,"Mas, novamente, já não há tantas caras por aí. As coisas ficaram calmas desde a ocupação."
3598,nsmc,"Como está o Stros M'Kai, irmão Nidal?"
3599,nsya,"O R vermelho, de rebeldes, como sempre são. Acredita, verás se ficares muito tempo em Stros M'Kai, invariavelmente escrito com sangue imperial."
3600,nsyc,Qual é o símbolo da Liga?
3601,ntea,"Sempre fomos escassos de pessoal. Foi horrível, logo após a batalha, todos mortos e moribundos, mas felizmente, tinha o irmão Kithral para me ajudar a cuidar deles."
3602,nteb,"Como ele já não está, tenho de continuar sozinho."
3603,ntec,"O templo parece muito vazio, irmão Nidal. És o único padre dela?"
3604,ntxa,"Apenas mais uma das regras de Richton, rapaz, juntamente com várias outras soluções para a carga do Império."
3605,ntxc,Porquê o imposto do templo?
3606,nz1a,"Deixa isso, rapaz. Era apenas um boato."
3607,nz1c,Então a minha irmã conhecia o Príncipe?
3608,nz2a,"Vou contar-lhe, meu amigo, porque talvez possa retribuir-lhe alguma da gentileza que mostrou. Iszara e o Príncipe se encontravam em segredo, um encontro condenado nestas sombras de guerra."
3609,nz2c,Fala-me da minha irmã e do Príncipe.
3610,nm1a,"É uma aberração para os defensores da linha dura da minha vocação, que consideram a prática de gemas da alma pouco melhor do que a necromancia."
3611,nm1b,Os seguidores do Arkay vêem qualquer interrupção da migração da alma como um mal que não deve ser suportado.
3612,nm1c,"O que sabe das gemas da alma, irmão Nidal?"
3613,nm2a,Isso é... - Muito bem. É interessante.
3614,nm2c,- A sério? - Sim. Sabias que a alma do Príncipe foi colocada num destes recipientes do mal? E que está algures nesta ilha
3615,nm3a,"Esta notícia... Não me tinha dado conta, até agora."
3616,nm3c,"Então não sabias, não?"
3617,nm4a,O Kithral nunca me disse. Não fazia ideia. E isso explicaria a sua busca pelo Anel do Arquimago...
3618,nm4c,"Irmão Nidal, sabias que a alma do Príncipe A'tor foi colocada numa soulgem antes de morrer?"
3619,nm5c,O que queres dizer?
3620,ny01,"Posso sentir o veneno na minha boca, uma névoa amarela no meu peito que bloqueia os meus canais vitais."
3621,ny02,"O corte no meu lado chora rápido... O que me matará primeiro, a ferida ou a toxina?"
3622,ny03,"Que a sua impaciência seja maldita! E maldito seja o meu orgulho por pensar que poderia encontrar o anel aqui, nesta escuridão nefasta, sozinho."
3623,ny04,"Mas não foi ao lugar indicado, e estamos a ficar sem tempo com o Anel do Arquimago. Estamos um passo mais perto de restaurar o poder das Coroas."
3624,ny05,"Tenho a certeza que o corpo está aqui, algum truque da corrente subterrânea na esteira da batalha..."
3625,ny06,"O leite da aranha é profundo. - Não, não! Espero que nada te tenha acontecido!"
3626,ny07,Ouço os duendes atrás da porta... Ubula! Ubula! Ubula!
3627,ny08,"Vêm atrás de mim! Eu falhei-te, meu amor, e o anel não está mais perto! Tens de te despachar!"
3628,ny09,A Liga está a aproximar-se!
3629,ny10,O Império aproxima-se!
3630,ny11,A escuridão se aproxima...
3631,nzz1,"Bençãos, e bem-vindos."
3632,nzz2,"- Sim, sim, sim."
3633,nzz3,"Boa sorte, filho."
3634,nzz4,"Não podes mostrar essa espada aqui, meu filho."
3635,nzz7,"Pára de fazer isso, rapaz."
3636,&450,"Então, acho que é a hora!"
3640,&454,Sorte de ladrão!
3641,&455,Cuidado com a forma!
3642,&456,"- Aberturas, Ciro."
3646,&460,"Reavalia as tuas opções, Brob!"
3647,oa02,A jóia da alma
3648,oa04,O anel.
3649,oa11,"Desculpa, Cyrus."
3650,oa14,Não funcionou.
3651,oa19,"Mãe, você..."
3652,oa22,Ela não sabe. Foi...
3653,oa33,"Deixa-me ir contigo, Cyrus."
3654,obra,E o que é que te importa? Não preciso da tua ajuda.
3655,obrc,Quem matou o teu irmão? Os soldados imperiais?
3656,obyc,"Desculpa, mas tenho de ir. Talvez depois possamos falar."
3657,obya,Talvez. Talvez não.
3658,obyb,Gostaria de ajudar se puder.
3659,ocla,"Não, não. Mas vou descobrir."
3660,oclc,Sabes como contactar a Liga Rebocada?
3661,ofea,Mataram o meu irmão e vou fazer com que paguem!
3662,ofec,Parece que odeias o Império.
3663,og2c,Parece-me familiar.
3664,ogaa,"Céus Cyrus, toda a gente sabe que os três guardiões protegem cada um três cargos em seu próprio círculo celestial."
3665,ogab,Não aprendeste a rima? Guerreiro forte carga... O sábio mago ordena... O ladrão astuto está atento
3666,ogac,Nunca prestei muita atenção na aula de astronomia. Guarda e acusações?
3667,ogra,- O que é? - Vai-te embora!
3668,ogrb,"- Olá, pessoal. Afasta-te de lá, estúpido!"
3669,ogrd,Cyrus! Não! Ainda estás preso!
3670,ogre,De onde é que você veio?
3671,ogrf,- Saiam daqui!
3672,ogrg,- O que é? Fora!
3673,ogrh,Deixem-nos em paz! Voltem para as cavernas!
3674,ogri,Estou a ficar farta de ti!
3675,ogrj,"Não entendo nada disso, Cyrus!"
3676,ogrk,"Sim, sim, mas o que é que isso tudo significa?"
3677,ogrl,Vais ter de encontrar alguém para te ajudar.
3678,ogrm,"Voltar a mudar? Em quê, coisa feia? Encontre outro que faça essa magia por você."
3679,ogrn,"A mãe não pode ajudar-te com isto, e eu também não, Cyrus. Tens de encontrar um mago da guilda!"
3680,ogro,Queres dizer que é o Cyrus?
3681,ogrp,"A mãe diz que isto é magia oriental, Cyrus, não pode quebrar o feitiço."
3682,ogrq,Tens de encontrar um mago da guilda!
3683,ogrr,"Ele vai ajudar-te, Cyrus."
3684,ogrx,Ainda não encontraste alguém para te ajudar?
3685,oh1a,"Avik, o homem serpente! A Hayle gostava dele. Ele sempre foi simpático connosco."
3686,oh1c,O Avik disse-me que viu o Iszara e o Hayle juntos no dia em que o mataram.
3687,oh2a,Acho que sim.
3688,oh2c,"Mais devagar, Coyle. Estás a dizer que o Iszara conhecia o teu irmão?"
3689,oh3a,"Ela trouxe Hayle para o acampamento naquele dia, toda a sangrando. Mas nunca a tinha visto antes."
3690,oh3b,"Ela tentou explicar-lhe o que tinha acontecido, mas a mãe não a ouviu, apenas gritou e disse-lhe para nunca mais voltar."
3691,oh4a,"Disse que precisava da ajuda da minha mãe, mas a mãe estava muito perturbada."
3692,oh4b,"Suponho que os soldados os tenham atacado a caminho, mas não sei porquê. Hayle nunca se metia em problemas com ninguém."
3693,oh4c,Então não sabes porque estava com o teu irmão?
3694,ohfa,"Eu sabia que podias ajudar-nos, Cyrus!"
3695,ohfc,Acho que talvez tenha feito.
3696,ohga,Descobriste como libertar a alma do meu irmão?
3697,ohgc,"Olá, Coyle."
3698,ohla,"Não, não, não. Costumava rir-se de mim quando lhe dizia que queria juntar-me a eles."
3699,ohlb,"Disse que ainda não entendia como o mundo funcionava, que era muito jovem. Mas daqui a três meses, faço dezessete anos."
3700,ohlc,Haveria a possibilidade de Hayle ter sido membro da Liga?
3701,ohnc,"Não, não, não, não."
3702,ohqb,"Olá, CYRUS!"
3703,ohqc,"Olá, Coyle."
3704,ohuc,"Ainda não, receio."
3705,ohvc,"Ainda estou a trabalhar nisso, não te preocupes."
3706,ohwa,"Oh, é você outra vez."
3707,ohwc,"Olá, minha senhora."
3708,ohxa,O que é que queres?
3709,ohxc,"Olá, minha senhora."
3710,ohzc,"Olá, Coyle."
3711,ohzd,Cyrus! Não! É bom ver-te de novo!
3712,oi2a,"Era a tua irmã?! A minha mãe culpa o Iszara por terem matado a Hayle, mas sei que a tua irmã fez tudo o que podia para o salvar."
3713,oi2b,"Ela lutou contra dez soldados sozinha! Vou juntar-me à Liga e lutar contra o Império, assim que a minha mãe estiver segura."
3714,oi2c,"Coyle, conheces a minha irmã Iszara?"
3715,oisa,Porque é que eu ia conhecer a tua irmã? Porque não voltas para a cidade de onde pertences?
3716,oisc,Pergunto-me se conheces a minha irmã...
3717,ol2a,- Claro que sim! São os mais corajosos Redguards de todos. Nunca se renderão ao Império.
3718,ol2b,"Até o barco do Governador foi explodido, mesmo no porto! Sabes como posso encontrá-los?"
3719,ol2c,Sabes alguma coisa da Liga Inquieta?
3720,ol3a,"Não, não, não. Hay disse-lhe que nunca deixariam um Yokudan juntar-se, mas porquê?"
3721,ol3b,"Acho que agora precisam de todos os homens que podem conseguir, e eu próprio sou um espadachim bastante bom, tu sabes."
3722,ol3c,Receio que não. Estava à espera que me dissesses.
3723,ol4c,Não duvido. Estou contente por estares do meu lado.
3724,olga,"Porque é que eu te diria se tivesse? Não preciso deles. Vou lutar contra o Império sozinho, se for preciso!"
3725,olgc,Já ouviste falar da Liga Revoltosa?
3726,omaa,"Por favor, não a incomodes, Cyrus. Se não seguir com a canção de passagem, a alma da Hayle vai para o necrólogo!"
3727,omab,"Por favor, não a incomode, Cyrus."
3728,omac,O que está a tua mãe a fazer? Está tudo bem?
3729,omga,O sábio Mago ordena... Aprende aprendendo... Ritual giratório... Golem em chamas... durante a noite.
3730,omgc,O que é todo o verso sobre o Mago?
3731,omta,- Vai-te embora! Deixa-a em paz. Não precisamos da tua ajuda. Eu posso cuidar dela perfeitamente. Deixem-nos em paz!
3732,omtb,- Não! Deixa-a em paz.
3733,omtc,Aquela ali é a tua mãe? Está tudo bem?
3734,onca,"Bem, não a alma especificamente. A ilha inteira está presa na sua malvada armadilha de almas, foi o que a mãe disse."
3735,oncb,"Quem morre sem o ritual apropriado, a alma vai para a torre e ele a acrescenta ao seu exército de mortos-vivos!"
3736,oncc,Porque é que o Necromante iria querer roubar a alma da Hayle?
3737,onoa,"Eu entendo. Tens os teus problemas. Não te preocupes, vamos ficar bem."
3738,onoc,"Gostava de poder, filho, mas não sei nada de estrelas nem de almas. Desculpe."
3739,onta,Cyrus! Não! Não queres ir lá! O Necromante mata quem entra na sua torre e rouba a sua alma.
3740,ontc,Onde está a torre do Necromante?
3741,opra,"Bem, as pessoas da cidade têm o seu templo para se salvarem da armadilha do necromante. Mas nós não acreditamos assim."
3742,oprb,"A mãe precisa de colocar as pedras estelares para mostrar ao Hayle o caminho certo para o outro lado, mas não conseguiu prever o caminho da Serpente nesta estação."
3743,oprc,"Estou surpreendido que a ilha inteira não esteja repleta de mortos-vivos, com toda a luta que houve aqui."
3744,os1a,Não toques nisso!
3745,os1c,- Desculpa.
3746,os2a,"Cyrus, tens a certeza que sabes o que fazes?"
3747,os2c,"Tens razão, é melhor deixá-las."
3748,os3c,"Sim, acho que resolvi."
3749,os4a,"Conseguiste, Cyrus!"
3750,os5a,- Não! É o Redguard!
3751,os6a,"Ei, Cyrus! Não!"
3752,os7a,"Por favor, Cyrus. Se parar com as pedras mal colocadas, a alma da Hayle será presa na armadilha do Necromante."
3753,os7c,"Não, não, não. Não estou muito certo."
3754,osaa,"- Não sei. - Não sei. Quero ajudar, mas não sei nada das estrelas."
3755,osab,"Tudo o que a mãe pode fazer é continuar a canção do trecho para evitar que a alma da Hayle se perca. Cyrus, podes ajudar-nos?"
3756,osac,"Se não há forma de prever o caminho da Serpente, como é que a tua mãe vai poder completar o ritual?"
3757,osea,"- Sim, eu sei. As outras doze seguem os círculos do céu, guardiãs e encarregadas, mas a Serpente não respeita nenhum mestre."
3758,oseb,"Ela move-se através dos céus, ameaçando as outras constelações no seu caminho."
3759,osec,Esta Serpente... Uma das constelações?
3760,osed,A única maneira de guiar a alma de Hayle através da armadilha do Necromante é colocar as pedras estelares na posição da cabeça e da cauda da Serpente...
3761,osee,Mas não há forma de prever o caminho da Serpente.
3762,ospa,"Não, a canção da mãe mantém-na aqui segura até que eu possa descobrir a colocação correta das pedras estelares."
3763,ospb,"Se ela parar com as pedras colocadas de forma incorreta, a alma de Hayle será presa pela armadilha do Necromante."
3764,ospc,Então a alma da Hayle ainda não deixou este mundo para o próximo?
3765,ossa,"Não devias estar! A minha mãe é uma bruxa poderosa, a bruxa mãe de toda a nossa tribo!"
3766,ossb,"Se Hayle não tivesse nascido sob o signo da Serpente, ela poderia ter passado a alma através da teia do Necromante facilmente."
3767,ossc,Estou surpreendido que a tua mãe seja capaz de proteger a Hayle de um necromante tão poderoso.
3768,osta,"É verdade, Cyrus. Normalmente seria fácil, mas a Hayle nasceu sob o signo da Serpente, e o caminho da Serpente é imprevisível."
3769,ostc,Aquelas ali são as pedras estelares?
3770,otha,"Ladrão astuto, olha... Amante suspirando... A sombra está a mentir... Desafiando... Através da noite."
3771,othc,Como foi o verso sobre o Ladrão outra vez?
3772,owra,"Carga forte do Guerreiro... Corcel a saltar... Dama a dançar... Senhor, avançando... durante a noite."
3773,owrc,Canta-me o verso sobre o Guerreiro
3774,ox01,"Ela agradece-te, Cyrus, a alma da Hayle passou para as Terras Afastadas."
3776,ox03,Ela quer saber se há alguma forma de eu poder compensar-te.
3778,ox05,A mãe não a vê desde o dia em que veio com a Hayle.
3779,ox06,Mas ela vê que você a encontrará
3781,ox08,Ele diz que podes encontrá-los...
3782,ox09,- Não . no farol.
3784,ox11,A mãe diz que Stros M'Kai vai precisar da sua ajuda.
3785,ox12,E a tua.
3786,ox13,A ilha continua em perigo.
3787,ox14,Não é isso.
3788,ox15,O Império tem de ir embora.
3790,ox17,"Precisava da ajuda da mãe, da sua magia."
3791,ox18,Mas a mãe estava tão zangada com a Hayle que mandou a tua irmã embora.
3792,ox19,"A mãe não sabe que magia a tua irmã precisava. Desculpa, Cyrus."
3794,ox21,São mais antigos que os segredos orientais!
3795,ox22,As gemas da alma são magia enganosa
3796,ox23,É preciso um feiticeiro poderoso para usar uma
3797,ox24,Ela é.
3798,ox25,Tens um corpo?
3799,ox26,- Está pronto? - Sim.
3800,ox27,Quem colocou isto no corpo?
3802,ox29,A magia da Voa é forte.
3803,ox30,"É muito forte para a minha mãe, Cyrus. Tens de encontrar uma forma de libertar o corpo do campo de estase."
3805,ox32,Eu também vou!
3806,ox33,- A sério? - Sim.
3807,ox34,Qual é o sinal?
3811,ox38,"Às vezes o meu Yoku é mau. Ela dizia: ""Não será difícil, porque o filho está aqui""... ou dizia: ""Porque o filho estará aqui"""
3813,ox40,Ele diz que vais saber.
3814,ox41,A mãe vai ajudá-lo quando estiver pronto.
3815,oy1a,"- Obrigado, senhor."
3816,oy1c,Soube que o teu irmão foi morto pelos soldados. Desculpe.
3817,oy2a,"É difícil, tentar cuidar da minha mãe, com o Hayle morto e não nos deixando entrar na cidade e todos os outros a irem embora."
3818,oy2c,Queres falar sobre isso?
3819,oy3a,"E agora estamos só nós os dois e não sei o que vamos fazer. Sou o Coyle, por falar nisso."
3820,oy3c,"O meu nome é Cyrus. Mais uma vez, sinto os teus problemas."
3821,oypa,"Obrigado, Cyrus. Por favor, apresse-se. Não sei quanto tempo mais a minha mãe poderá continuar a cantar."
3822,oypc,"Farei o que puder, Coyle. Não te preocupes, podes contar comigo."
3823,oysa,"Somos o único que resta. No dia seguinte ao enterro da Hayle, o governador proibiu a entrada de todos os yokudans. Chamou-nos a todos traidores!"
3824,oysb,"Então, todos os outros foram para o continente, excepto nós, que não pudemos ir por causa do necromante que tentou roubar a alma da Hayle!"
3825,oysc,Vocês são os únicos yokudans da ilha?
3826,ozz1,Estás à procura de alguma coisa?
3827,ozz2,"E então? Fala, estranho."
3828,ozz3,Deixem-nos em paz! Não temos nada!
3829,ozz4,"Nada de esgrima aqui, Cyrus. Desça para a praia, por favor."
3830,pb1c,"Obrigado, Prnell."
3831,pbfa,"Não devia, mas... - Está bem. Não posso evitar, gosto de fazer as pessoas felizes!"
3832,pbfc,Posso pedir a sua bandeira por um momento?
3833,pbla,"Para que todos saibam que o barco está aqui, claro. E se eu gritar pelos telhados?"
3834,pblb,"Quando vejo um barco, vou para a passarela e agito a minha bandeira, para o Favis saber que tem de tocar o sino. Não há nada mais satisfatório do que isso."
3835,pblc,Porque o Favis é o dono do sino?
3836,pbld,"Faz-te sentir como um deus, a abanar essa bandeira e a ouvir a campainha tocar por toda a cidade. Lamento não poder deixar-te experimentar, mas ultimamente não há muitos barcos a chegar ao porto."
3837,pcla,Em breve saberás que a Guarda do Contrabandista está ligada à Liga de alguma forma.
3838,pclb,"Não directamente, ou estaria fora de negócio agora, com o gordo em alvoroço. Mas tenho a certeza que ainda podem contactar a Liga. - Não ."
3839,pclc,Pensei que a Liga do Transtorno estivesse banida. Como é que você os contacta?
3840,pe1a,Posso ver os galeões e os comerciantes de especiarias perfeitamente com este rolo! Mas além disso... Não posso andar pela cidade com um telescópio no olho.
3841,pe1c,Então não consegues ver sem os óculos...
3842,pe2a,"Estou a rir-me enquanto falamos. Podes encontrá-lo para mim, rapaz? É uma estranha solidão quando o início da tua visão está a meio século."
3843,pe2c,Mas pode ser divertido.
3844,pe3c,"Vou encontrá-lo, Prnell, não te preocupes."
3845,pefa,Pela glória do princípio...
3846,pefc,Acho que encontrei o teu monocular. É este?
3847,pema,"Eles faziam. Não abertamente, como os Corona, mas nunca foi assim que a Liga foi. Voar a nave-bordo de Richton, mais na sua linha."
3848,pemb,"Vi-o a arder a partir daqui, um espectáculo espantoso. Mas o que é que ele conseguiu? O Império ainda está aqui e não ouvi nada da Liga até hoje."
3849,pemc,A Liga está a lutar contra a ocupação Imperial?
3850,pfba,"Claro, és novo na cidade. Não te apresentaram ao Governador Richton."
3851,pfbc,O gordo? - De quem é que estás a falar?
3852,pfva,- Não! Gostava de pensar que sim. É um incômodo. Sempre a chorar por ter de tocar o sino.
3853,pfvb,"Ontem, ela fez-me descer, a queixar-se de que estava quebrada. ""Não soa tão forte como antes, Prnell"". - Claro que sim! A cabra está surda como uma tapia, é o único problema."
3854,pfvc,O Favis é teu amigo?
3855,ph1a,Quem é que está aí? O que é que queres?
3856,ph1c,"- Olá, senhor. Posso falar consigo um momento?"
3857,ph2a,"Importar-se? Porque é que eu me importaria? A propósito, sou Prnell. Não tenhas medo de perguntar, rapaz!"
3858,ph2c,"O meu nome é Cyrus. Gostaria de lhe fazer algumas perguntas, se não se importa."
3859,ph3a,"- Não é? Pára de murmurar e fala, filho!"
3860,ph3c,"Olá, Prnell. - Olá, minha senhora."
3861,ph4a,"Não é preciso gritar, por Hunding! Posso estar cego, mas não surdo!"
3862,ph4c,"Prnell! Não! Olá, minha querida!"
3863,ph5a,"Bendito sejas! Como posso agradecer-te, Cyrus, rapaz? Eu sei! Vou deixar-te levantar a bandeira."
3864,ph5b,"Será o nosso segredo, não é? Vamos, pega nela! - Não, não. Uma oportunidade como esta não se apresenta todos os dias!"
3865,ph5c,"Prnell, encontrei o teu cotovelo. Aqui tens."
3866,ph6a,"Claro, Cyrus, meu filho, claro! Não te estava a gozar com a bandeira, pois não? Faz a vida valer a pena, mesmo à minha idade."
3867,ph6c,"Aqui tens, Prnell. Obrigado por me emprestar."
3868,pi2a,- Espera um segundo! Talvez a Liga do Transtorno esteja atrás de ti também. O que é que o Iszara fez para os enfurecer tanto?
3869,pi3a,"Nunca me disseste que ela tinha desaparecido, Cyrus. Além disso, isto foi há meses, e a minha memória não é a mesma."
3870,pi3b,"Como eu disse, um par destes tipos vieram perguntar por ela, mas sem respeito, como tu. Olharam-me mal, para assustar um velho."
3871,pi3c,Também? Estás a dizer que a Liga do Transtorno anda atrás da minha irmã? Porque não disseste antes?
3872,pisa,"- O Izara? E tu és o Cyrus, o irmão dele! Claro. De certeza que se parece com ela, teria notado a semelhança familiar."
3873,pisb,"Mas sem o meu preto, receio que não possa ver-te muito bem. A verdade é que não vejo o Iszara por aqui há muito tempo."
3874,pisc,"Conheces a minha irmã, Iszara?"
3875,pisd,Ninguém tem o direito de me falar assim! Não admira que tenham uma reputação tão má.
3876,plaa,"Só se eu tivesse visto Iszara, que saibam se eu já o fiz. - Não! Como se eu lhes dissesse alguma coisa, depois de entrarem aqui a ameaçar."
3877,plab,"Pareciam acreditar que ele lhes tinha roubado alguma coisa. Se isso for verdade, não admira que tenha desaparecido. Ou encontraram-na... Ou ela está a garantir que não o façam."
3878,plac,O que é que aqueles tipos da Liga do Transtorno queriam saber?
3879,plra,"Terroristas, piratas, tudo isso. Não há dúvida de que não se pode brincar com eles. O Gordo descobriu por si mesmo. Mas então, o Império também não gosta que se lixe com eles. - Não ."
3880,plrc,Que reputação tem a Liga?
3881,pnoa,"Como queiras, rapaz. Mas não sabes o que estás a perder."
3882,pnoc,"Obrigado Prnell, mas talvez noutra altura."
3883,ppla,"Por que é que queres fazer isto, filho? A menos que faças negócios com o governador, não há como entrar."
3884,pplc,Alguma ideia de como posso entrar no palácio?
3885,ppsa,"Receio que não, Cyrus."
3886,ppsc,- Sabes a senha?
3887,prca,"Não o vejo desde o desfile da vitória do porto. Nunca sai do palácio, soube eu."
3888,prcb,Provavelmente sabia... Nada a liga revoltada gostaria mais do que se esvaziar os olhos e se mijar no cérebro.
3889,prcc,Fale-me deste governador Richton.
3890,prla,"- Foste tu? - Não. Eu vi tudo, através do meu telescópio, você sabe. Mas não foi uma grande batalha. Já deu mesmo a esses bandidos o que queriam!"
3891,prlc,Já ouviste falar de um grupo chamado Liga do Transtorno? O meu barco foi atacado por um par deles no caminho para aqui.
3892,psda,Debaixo da tenda da Maiko. Mas não é assim tão simples. Ninguém entra sem uma senha.
3893,psdc,Onde está a Guarda do Contrabandista?
3894,psma,Não tenho nada para te dizer que não possas ouvir de ninguém na cidade.
3895,psmb,"Este era o coração da resistência da Coroa, mas olha para ele agora. Quando prendes todos os que apoiam a Coroa ou a Liga, não resta muito."
3896,psmc,Como está a cidade com os imperiais a comandar?
3897,pw1a,"Barcos, filho. Aviso a cidade quando um mercador chega ao porto."
3898,pw1b,"Lembra-me um pouco dos meus dias de marinheiro, a vigiar do cofre, mas agora estou preso neste trabalho!"
3899,pw1c,O que estás a procurar lá em cima?
3900,pw2a,"Porque os barcos são tudo o que vejo! Perdi o meu monoculo por aqui, e o cataplasma aqui não é uma boa alternativa."
3901,pw2c,- Porquê? - Porquê?
3902,pxy1,"Ei, jovem. Onde pensas que vais com isso?"
3903,pxy2,"Não posso deixar que o leve, rapaz. Tem de ficar aqui, ou não posso fazer o meu trabalho."
3904,pxy3,"Não devia, mas... - Está bem. Não posso evitar, gosto de fazer as pessoas felizes!"
3905,pysa,"É esse o espírito! Em breve verás do que estou a falar. Não há nada igual, garanto-te!"
3906,pysc,"Está bem, aceito a tua oferta."
3907,pzz1,"- Não, não. - O quê?"
3908,pzz2,"Está bem, está bem."
3909,pzz3,"- Não, não. É você?"
3910,pzz4,"O que estás a fazer, rapaz? O que é que você faz?"
3911,q505,"- Sim, eu sei. O Joto acha que o Necromante tem o Iszara."
3912,q507,"Iszara pediu ajuda a Joto, para que usasse a sua magia para restaurar o príncipe A'tor da gema da alma. O Joto não conseguiu. E sabe que ninguém mais no Guild pode ajudá-la."
3913,q508,"Joto só conhece um feiticeiro que pode fazer isso, N'Gasta, um necromante poderoso."
3914,q510,"Não, não, não, não. O Joto não é tolo. Joto avisou a irmã: não confie no verme negro N'Gasta. Poderoso, sim, é o N'Gasta... Mas malvado. Ladrão de almas. Velha e cruel."
3915,q513,"Não, não, não. É a tua irmã. Tu conheces-a. E ela ama o Príncipe, por isso... Eu tinha que tentar. Então Joto disse: ""Joto conhece uma precaução... Proteção contra o malvado N'Gasta."
3916,q515,"Não, não, não. O pobre Iszara. Sem paciência. Joto disse-lhe: ""O frasco de Lillandril, magia elfica antiga, aqui nesta ilha""..."
3917,q516,"Mas onde? O frasco foi perdido há muitos, muitos anos, por isso procurámos e procurámos, mas... Poucas pistas, muito lento, Iszara não podia esperar."
3918,q517,"Encontrámos algo, um pedaço de mapa, que acho que mostra onde procurar, mas só um pedaço..."
3919,q519,"Sim, acho que sim. Mas Joto continuou a procurar, e encontrou outro pedaço do mapa."
3920,q520,"Mas antes que o Joto pudesse mostrar-lhe, o Iszara desapareceu. Depois os Imperiais encontraram o Joto e puseram-no aqui."
3921,q521,"Mas... Não. O Joto ainda tem o pedaço de mapa. Escondeu-o dos guardas. Aqui, aqui. Eu mostro-te..."
3922,q522,"Toma isto, encontra o frasco. Depois vai ter com o N'Gasta, encontra o Iszara lá, acho..."
3924,q524,Encontre... A Iszara...
3925,qc0c,Mas juro que te sairei daqui se me ajudares a encontrar o Iszara.
3926,qc1a,"Shhhh - que os guardas vão ouvir-nos!"""
3927,qc1b,"Não te preocupes, pequenote, o Joto está a pensar."
3928,qc2a,- Mudar o quê?
3929,qc3a,"E tu, o que é que fazes?"
3930,qc3b,Queres alguma coisa? De Joto?
3931,qc4a,O que queres dizer?
3932,qc4b,Transformar-te em quê?
3933,qc5a,"Desculpa, o Joto não te entende."
3934,qc5b,O que é que?
3935,qc5d,Isto não diz nada ao Joto.
3936,qc5e,O Joto não entende.
3937,qc5f,"A verdadeira Joto é segura, mas não é esclarecedora."
3938,qc6a,O quê?! - Não. - Já está. O truque favorito do Jaganvir. Joto pergunta-se o que fizeste para incomodar este Arquimago.
3939,qc6b,"Bem, o Joto trata disto, não há problema."
3940,qc6d,- Lá estás tu!
3941,qc7a,Por todos os senhores! O irmão de Iszara!
3942,qc7c,"- Obrigado, senhor. Eu sou Cyrus."
3943,qc8a,"- Bem, então... - Sim, eu sei. Como a tua irmã, o Cyrus sabe onde encontrar problemas. Como é que chegaste aqui? E podes tirar o Joto?"
3944,qc8c,"Sim, sim, e estou aqui porque me disseram que me podias ajudar a encontrar o Iszara."
3945,qc9a,"- Sim, eu sei. O Joto entende o problema."
3946,qc9c,Talvez. Mas as chaves são um problema. E eu teria mais hipóteses de escapar sozinho.
3947,qzz1,- Está bem. O que é que temos aqui?
3948,qzz2,De onde é que tu saíste?
3949,qzz3,"Um gremlin? Vem aqui, pequenino."
3950,r102,"Um certo grau de persistência é admirável, não é, Dram?"
3951,r10a,"Primeiro o necromante, ganhando favor com presentes, e agora a diligência dos seus mensageiros."
3952,r103,- Está bem. O teu trabalho está feito. Entrega o amuleto a um dos guardas.
3953,r106,"Isto não é uma audiência, senhor. Esquece-te de ti mesmo."
3954,r109,"Não, não, não. Eu trato dele."
3955,r110,"Eu amo esta Iszara, jovem. Os seus problemas são da sua própria colheita, tenho a certeza. Quando te misturas com bandidos e assassinos..."
3956,r112,"Sob a lei imperial, a Liga Revoltosa e esta mulher Iszara, uma conhecida consorte e confederada da Liga, são culpados de pirataria, sedição e traição, e sujeitos a execução sumária."
3957,r113,"Como Governador, tais execuções são da minha responsabilidade."
3958,r114,"Mas... Não. Esta Iszara não chegou ao meu conhecimento, e se desapareceu, fez-o sem a minha ajuda."
3959,r115,"E agora, tenho outros assuntos urgentes."
3960,r117,"Pode retirar-se, mensageiro."
3961,r120,Ameaçarias um governador imperial? És retardado mental?
3962,r121,"Ameaça-me e provas que és um traidor... E tu tens de morrer por isso. Guarda, captura este homem."
3963,r122,"Então, este é o fogo Redguard de que tanto ouvi falar""..."
3964,r123,"Jovem, tens madeira de bom espadachim... Mas, com as tuas ações, condenas-te e perdes a vida. Drama?"
3965,r202,Que maldito Redguard?
3966,r204,- O quê? - O quê?
3967,r206,"Mas escapar das Catacumbas é impossível? As armadilhas e tudo, não é, Dram?"
3968,r208,"Obrigado, guarda. Continua. E mantém-me informado."
3969,r210,"- Não, não. Eu superestimei as masmorras dos nossos inimigos, mais do que isso! Nunca confies nas armadilhas mortais de outro."
3970,r211,Duplicar a guarda imediatamente e aumentar as patrulhas na cidade e ao longo do cais.
3971,r212,A Guarda Vermelha não deve encontrar a sua irmã.
3972,r901,- Morto.
3973,r903,E o Cyrus está vivo.
3974,r905,Não sejas estúpido. O sacana está a suar heroísmo. Não poderia ser outro.
3975,r907,"Por que é que te pago, exatamente, Dram?"
3976,r909,"Deixe-me tratar dele, disse, e com tanta segurança."
3977,r910,"Lembro-me de ter ficado calmo com o assunto. Lembro-me de pensar: ""Bem, agora, finalmente, posso dedicar-me à tarefa de administrar esta província problemática""..."
3978,r911,Mas este jovem continua a causar-nos danos irreparáveis quando menos podemos suportá-lo.
3979,r913,A Liga Revoltosa!
3980,r916,"Já percebi. O Imperador avisou-me para nunca subestimar a sutileza dos teus planos, Dram. Vamos, então. Aguardo o seu relatório completo."
3981,rb06,Quem?
3982,rb08,A Guarda Vermelha está por trás disto! Eu sei que é ele!
3983,rb10,Apanhem esse guarda vermelho. Apanha o seu líder e eles vão cair em pedaços.
3984,rb12,"Esquece a Liga, Dram! Temos de evacuar!"
3985,rb14,"Quem achas que está a atacar o porto, meu?! É a Liga Revoltosa! Estão a voar os nossos navios!"
3986,rb15,Aquele guarda vermelho... O que deverias ter matado há muito tempo... A nossa missão é desencadear a rebelião que nos enviaram para reprimir.
3987,rb17,"- Já chega! Vamos pegar o dirigível e ir para o continente! Stros M'Kai é dispensável! Os guardas vermelhos podem ter o seu dia aqui, mas eu volto... À frente de uma frota e das legiões do Imperador."
3988,sb1c,Falamos mais tarde. Cuidado.
3989,sbra,"Ouve, Cyrus, acontece que sou amigo de alguns guardas do Fatboy, e ouvi-os falarem de pagar a Brennan para ele prender ""aquele Redguard que tanto persegue o Governador""."
3990,sbrb,"Falamos mais tarde. Cuidado, meu."
3991,sbrc,Há algo que eu deva saber sobre a Brennan?
3992,scha,"Olá, marinheiro."
3993,schb,"Cyrus, querida."
3994,schd,"É melhor ires embora, Cyrus. Os guardas estão a cair."
3995,scla,"É uma coisa perigosa, mas é a tua pele... Há negócios turvos no porão da Maiko, chamam-se a Guarda do Contrabandista. Podem estar ligados a aqueles piratas da Liga."
3996,sclc,Esta Liga Inquieta... Como é que eu poderia contactar-os?
3997,scra,"Eles apoiaram o Príncipe A'tor após a morte do pai. Verdadeiros patriotas da Guarda Vermelha, é uma pena."
3998,scrc,Fale-me mais sobre as Coronas.
3999,scta,É onde o Fatboy lança as coroas que pode apanhar. Sob o palácio... onde vive o dragão.
4000,sctc,Estas catacumbas... São uma espécie de masmorra?
4001,scwa,"Bem, não quero divulgar boatos, e menos ainda ao seu irmão, mas dizem que ela era amiga do Príncipe."
4002,scwb,"Bons amigos, sabes? Não é de admirar que ele tenha desaparecido quando o gordo chegou à cidade."
4003,scwc,A minha irmã esteve envolvida na guerra civil de alguma forma?
4004,scxc,"Obrigado, Siona."
4005,sdga,"Foi assim que o Fatboy derrotou os Crowns. Os imperiais, pelo menos, acreditam que o dragão ainda está lá em baixo, descansando no mar real de moedas..."
4006,sdgc,Há um dragão nas catacumbas?
4007,sdra,"Bem, não é mau tipo para ser um lagarto, só que ele e eu não concordamos na amizade das coxas, por assim dizer."
4008,sdrb,"Mas conhece toda a gente nesta ilha, sem dúvida."
4009,sdrc,"Então, não gostas do Dreekius?"
4010,sdta,"Claro, Siona conhece-o perfeitamente. Era um dos meus favoritos até aquele maldito garçom-lagarto ser todo-poderoso comigo... Este amigo tem nome?"
4011,sdtc,Um amigo me convidou para o Dragin Tale. - Conheces o tipo?
4012,sfoa,"Ancestrais! - Não, não. E a mim chamam-me puta! Venderam o príncipe e deixaram-nos com as ruas cheias de soldados estrangeiros e sem uma pitada de honestidade em todo o reino."
4013,sfoc,E quanto a estes Ancestrais? Quem são eles?
4014,sfta,"- Desculpe. Quero dizer, Sua Alteza Imperial, o Governador Provisório Lord Richton"
4015,sftb,"Mata-os, Redguard!"
4016,sftc,O gordo?
4017,sftd,"Levem-no até ao palácio, Guarda Vermelha!"
4018,sfte,"Cuidado, Redguard!"
4019,sfza,"Uma rapariga está a tentar trabalhar aqui, pessoal."
4020,sgra,[Gritos]
4021,sgrb,- Shoo! - Não! Shoo! Deixem-me em paz!
4022,sgrd,- Não! Você é repugnante!
4023,sgre,"Então, encontra um mago!"
4024,sh1c,"Posso incomodá-la um momento, menina?"
4025,sh2a,"Senhora, diz? Deves ser nova na cidade. Além disso, Siona teria-te lembrado."
4026,sh2c,"Cyrus, ao seu serviço."
4027,sh3a,"Não posso reclamar, mas os imperiais não dão a mesma satisfação."
4028,sh3c,"Como vai o negócio, minha senhora Siona?"
4029,sh4a,"Cyrus, não devias gozar com uma rapariga assim."
4030,sh4c,"Siona, querida, estás mais bonita do que nunca."
4031,sh5a,"Vem dar um beijo a Siona, doce rapaz."
4032,sh5c,"Olá, minha senhora."
4033,sh6a,"Cyrus, não sejas tão extravagante! A propósito, o Capitão Brennan está à tua procura."
4034,sh6b,"Mas se eu fosse a ti, eu manteria-me longe dele. É um traidor!"
4035,sh6c,"Olá, Siona. - Sentiu a minha falta?"
4036,sh7a,Olá a todos.
4037,sh8a,"Olá, minha senhora."
4038,sh9a,"Um belo dia, não é?"
4039,sisa,"Iszara, sim, vejo a semelhança familiar. Mas não posso dizer que a conheça. Estava metida nos problemas que tivemos quando o jovem príncipe foi morto."
4040,sisc,"Conhece uma jovem chamada Iszara? A minha irmã, foi vista há três meses."
4041,slga,"Dizem que lutam contra o Império, mas parecem mais interessados em saquear, pelo que pude ver. No entanto, eles estão determinados a atacar os Ancestrais, por isso suponho que não são do todo maus."
4042,slgc,Já ouviste falar de um grupo chamado Liga Inquieta?
4043,slza,"Não conheço a política dele, mas esse Dreekius é um incômodo para nós, as trabalhadoras."
4044,slzb,"Ele tem delírios de grandeza. Agora não há mais ninguém lá além dos Forebears, de qualquer maneira, e eu não me encarregaria dos seus descendentes nem por um carro cheio de ouro!"
4045,slzc,Este garçom lagarto... É argónico?
4046,smka,A cartógrafa local. A sua loja fica perto da praça da aldeia.
4047,smkc,- A Maiko? Quem é essa?
4048,snoa,"Como queiras, não é da conta da Siona, pois não?"
4049,snoc,Prefiro guardar isso para mim.
4050,spla,"O palácio do pobre príncipe morto, queres dizer. Continua a subir o monte, não tem perda. Mas não esperes entrar às escondidas"
4051,splc,Onde fica o Palácio do Governador?
4052,spra,"A'tor foi assassinado pelos Imperiais, foi o que aconteceu. Um jovem simpático, mas também não muito orgulhoso para tirar o chapéu à frente da Siona. Ah, que pena, que pena"
4053,sprc,O Príncipe... O que lhe aconteceu?
4054,srca,"É mau, é, Siona pode dizer. Uma vez ele me convidou para subir ao palácio, mas não vou voltar."
4055,srcb,"Talvez Siona não seja uma senhora fina, mas é uma rapariga honesta e trabalhadora, e não gosta de ser tratada como lixo."
4056,srcd,E definitivamente não gosta de ser observada por aquela sombra esquiva de orelhas pontiagudas.
4057,srcc,Fale-me deste Richton.
4058,ssha,"O assassino favorito do gordinho, Dram. Um necrófago das profundezas de Morrowind, segundo dizem."
4059,sshb,"Aqueles olhos vermelhos dele, a olhar para mim... Não, Siona não voltará ao palácio, nem por toda a moeda de Hammerfell."
4060,sshc,Quem é esta sombra de que falas?
4061,ssma,"Que é melhor manter a boca fechada, ou acabar nas Catacumbas. Ou pior."
4062,ssmc,Que notícias há de Stros M'Kai nos dias de hoje?
4063,stba,Conheces Tobias?
4064,stbb,"Um dos meus melhores clientes, e não estou a mentir. Qualquer amigo de Tobias é amigo de Sião. Eu ficarei feliz em ajudar-te no que puder."
4065,stbc,O meu amigo Tobias mandou-me procurar-te.
4066,stra,"A guerra civil entre as coroas e os Ancestrais. Não és mesmo daqui, pois não?"
4067,strc,Talvez me possas ajudar. Fale-me mais sobre os recentes 'problemas' em Stros M'Kai.
4068,sysa,O Hunding odiava os duendes? Claro que o conheço!
4069,sysc,Tobias. - Conheces o tipo?
4070,szz1,"- Demónios, Grão-Mestre."
4071,szz2,"Vamos, vamos!"
4072,szz3,"CYRUS, BEBÉ, eu amo-te."
4073,szz4,Aposto que agitas essa coisa com todas as raparigas.
4074,t1ba,"Dou-lhe a minha palavra. Foi muito servicial, mas parecia estar a esconder algo."
4075,t1bc,Então posso contar com o irmão Nidal como aliado?
4076,t1la,"Diz isso aos que estão do outro lado da espada, rapaz. Aposto que vês mais de ti nos homens da Liga Revoltosa do que gostarias de admitir."
4077,t1lc,"Nunca fomos bandidos quando servi as suas ordens, Capitão, só mercenários."
4078,t1ma,Resgate anónimo
4079,t1mc,Estou novamente com medo de encontrar-me com o Iszara. Ainda tenho medo. Eu gostaria de encontrá-la segura ou salvá-la de longe.
4080,t1pa,"Quando cheguei, os seus soldados ensinaram-me as sutilezas do novo imposto de atracamento de Richton e registaram o meu navio em busca de legionários."
4081,txpa,Tenho de dizer que é um bocado idiota. É melhor teres cuidado com ele.
4082,t1pc,"Fale-me do Governador Provisório, Capitão."
4083,t1sa,Trufas que não valem a pena a minha carga. Devias esquecer-te deles.
4084,t1sc,"Capitão, o que sabe da Guarda dos Contrabandistas?"
4085,t1ta,"O sacerdote principal, um tal irmão Nidal, foi de grande ajuda em relação a Iszara. Parecia conhecê-la bem e partilhava a minha preocupação com o seu desaparecimento. Merece uma entrevista."
4086,t1tc,Fale-me do templo.
4087,t2ba,"Foi tudo. Talvez ele se abra mais a ti, sendo irmão de Iszara e meio de difícil de ver."
4088,t2bc,"Não consideraria a paranoia um traço de carácter mau em Stros M'Kai, nestes dias. Além disso, és tão feia."
4089,t2la,A guerra é a continuação da política.
4090,t2lc,"São só truques com os olhos postos na providência, nada mais. A minha espada nunca foi usada para diplomacia. Dá-me ouro por uma garganta, a garganta por um desdém, e estou bem. Dá-me uma guerra bem paga."
4091,t2ma,"Acorda, Cyrus. - Quanto tempo passou? Dez anos desde que penduraste o Hakan da tua espada. Ela mudou de vida, é óbvio. Talvez até te tenha perdoado."
4092,t2mc,Algo assim.
4093,t2pa,"Queres dizer porque é que não estão esses soldados em caixotes ao pé da porta do palácio? Porque não vim ao porto para me meter em sarilhos, mas para tirar a tua irmã."
4094,t2pc,Então porque não estás na prisão?
4095,t2sc,Já percebi.
4096,t2tc,Acho que o vi do outro lado da praça.
4097,t3tc,Já falámos. Mas vou ter em conta.
4098,t3la,O poder político cresce ao longo da lâmina de uma espada.
4099,t3lc,"Citas Hunding como um Redguard, Tobias."
4100,t3xa,Não foi homicídio. Ele também tinha uma espada.
4101,t3mc,Nem consigo lembrar-me do aspecto do Hakan. Só uma cara atrás de um protetor de espada.
4102,t3xc,"Ele bateu-lhe, eu desabalei, ele desabalei, lutamos em duelo. Acabou em segundos. Agora parece uma escassa desculpa para o homicídio..."
4103,t3pa,"É onde eu olhava, rapaz."
4104,t3pc,"Então, devo ver este Governador?"
4105,t4lc,"Está bem, está bem."
4106,t4mc,"Por meio segundo, talvez... Mas não é isso que me incomoda. Merecia morrer, se é que existe tal coisa."
4107,t4xc,"Foi deixar Iszara lá para coçar tudo de novo. E depois, a guerra... Onde estava eu então?"
4108,t61a,É o caminho tradicional
4109,t61c,Há outra maneira de entrar nas Catacumbas?
4110,t62a,Talvez. - Não sei. - Não sei.
4111,t62c,"Imagina que eu ri. Uma entrada secreta, talvez."
4112,t71a,"Septim não é Cyrodiil pelo que ouvi, embora governe os seus restos e reconstruza o seu Império; é algo pior, ou maior, dependendo da tua disposição para o sol central."
4113,t71b,"Vamos lá, vamos. Durante os últimos 400 anos, os reis mesquinhos de Cyrodiil têm disputado o título de Imperador, todos reclamando prebenda..."
4114,t71c,"Se não tem laços de sangue com o trono de Cyrodiil, como é que o fez seu?"
4115,t71d,O sangue do trono imperial é mais fino que um sono marinho e meio molhado. Tiber Septim tomou o trono como tomou o do seu povo.
4116,t72a,É um bom sujeito.
4117,t72c,Saudação ao novo conquistador.
4118,t81a,"Não é? Os Ancestrais estão lá, Cyrus, se queres que a empresa esteja à altura do sentimento."
4119,t81c,"Thassad II, tão narrado em canções. Foi imprudente investir a república num só homem."
4120,t82c,"Não, não, não. É que... Ele estava a morrer quando eu era ainda uma criança. Nós, os Redguards, só esperávamos que isso acontecesse. O meu pai tinha a sua profissão numa mão e uma pedra de afiar na outra."
4121,t83a,Algumas coisas... devem ser deixados para o filho
4122,t83c,"Sabíamos que a guerra civil ia chegar. Se o Thassad era tão grande, porque não fez mais na sua vida para proteger o reino depois de morrer?"
4123,t91a,"Não toquei exactamente na porta para descobrir. É o teu trabalho agora. Mas sei que a prisão está fora dos limites dos não-impérios, agora. Leia: não há visitantes"
4124,t91c,Podia estar na prisão?
4125,t92c,Isso é que veremos.
4126,ta1a,Mas ele tem andado atrás deles! Ele sabe mais do que isso!
4127,ta1c,Conheci o Governador. Um homem bonito. Disse-me que o Iszara estava na Liga Revoltosa e que ele não tinha nada a ver com o desaparecimento dele.
4128,ta2c,Acredito no Iszara. É daqueles que se regozijaria se pudesse. Ainda não encontrou o esconderijo. Tenho de o encontrar primeiro.
4129,tb1a,"Devem estar com poucas provisões para agir tão desesperadamente. Tem sido fantasmas ultimamente, e esta é a primeira aparição desde que estou aqui."
4130,tb1c,"Ousados são estes bandidos da Liga revoltado, para atacar um navio no mesmo porto"
4131,tb2a,Eles correram o Iliac antes da guerra. Os nossos caminhos cruzaram-se
4132,tb2c,"Como é que sabes sobre eles, então?"
4133,tb3a,"Sim, o porquê de terem sido atacados é tão preocupante. Ninguém sabia da tua chegada iminente?"
4134,tb3c,"Mas depois da ocupação, ficaram relativamente escondidos?"
4135,tb4a,Não sei.
4136,tb4c,"Ninguém, excepto S'rathra. - Importava?"
4137,tbaa,"A minha investigação foi limitada, admito. Se lutou, não posso dizer, mas suponho que sim."
4138,tbab,"A batalha foi a penúltima das coroas, e todos que assinaram o nome, sem dúvida, tomaram armas. Embora a maioria deles tenha morrido no mar, outros foram feitos prisioneiros pelo Governador."
4139,tbac,Sabe se Iszara lutou na Batalha de Stros M'Kai?
4140,tbva,"Ou sujeito à execução do Império, por falar nisso. Desapareceu no dia em que Stros M'Kai foi tomada, e Sentinel estava num estado semelhante. Governadores provisórios governam ambas as cidades agora."
4141,tbvc,O chefe dos Ancestrais é agora um súbdito do Império.
4142,tbxa,"Seja como for, o templo está bastante vazio de sacerdotes, excepto o irmão Nidal. Parece que alguns dos seus membros também desapareceram."
4143,tbxc,Então os sacerdotes ainda estão a salvo de serem conquistados.
4144,tbyc,Eu volto. Se não estiveres aqui... Obrigado por tudo. E boa sorte.
4145,txyc,"Não tenho muito tempo. Obrigado novamente, Tobias."
4146,tbya,Só tens de encontrar a tua irmã e sair daqui. E manda uma mensagem através de S'rathra.
4147,tbyb,- Vai-te embora. Vais ser bom.
4148,txya,"Larga as amarras, rapaz. E não te esqueças do teu velho capitão."
4149,tc1a,"A tua família sempre foi partidária, rapaz, desde os teus primeiros dias no Sentinel. Achei que ela ainda mantinha as suas antigas lealdades, mesmo que tu não o tivesses feito."
4150,tc1b,"Poucas coroas em Stros M'Kai sobreviveram à batalha contra os Imperiais, mas sei que Iszara foi uma delas."
4151,tc1c,Achas que o Iszara escolheu lado na guerra civil e por isso desapareceu?
4152,tc2a,"Ouvir falar da derrota das Coronas causou-me muita preocupação. Quando cheguei, procurei notícias sobre a segurança de Iszara."
4153,tc2b,Os únicos aqui que sabiam dela disseram que desapareceu pouco depois da desembarcação dos imperiais.
4154,tc2c,- Como é que o fiz?
4155,tcra,Não há muitos por aqui. Os poucos que existem não admitem isso a ninguém.
4156,tcrb,"Fala com Siona, uma amiga minha... Talvez a tenhas visto nos cais. Diz-lhe que te mandei para ele saber que não és um informador imperial. Talvez eu possa ajudar-te."
4157,tcrc,E as coroas?
4158,td1c,"O barman está muito longe do Black Marsh, não é?"
4159,td2b,"É verdade, e tem-me feito boa companhia na minha espera por ti. Confia nele depois de eu partir, pois ele conhece esta ilha e todos os que aqui vivem. Mas não se preocupe em perguntar pelo Olho, porque já o fiz."
4160,td2c,Dreekius é o seu nome?
4161,tdea,Cuidado.
4162,tdec,Agradeceria outra oportunidade com os Elfos das Trevas. Ainda tenho cicatrizes.
4163,tdna,Também desapareceu. Alguns dizem que voltou para a Província Imperial. Outros que o Governador mantém bem pago e alimentado nas Catacumbas abaixo do Palácio.
4164,tdnc,Onde está o dragão agora?
4165,tdra,"Tão seguro quanto qualquer outro, e a cerveja é boa. O Dreekius é tão confiável como qualquer outro lagarto. Pode ser um pouco duro com todos os Ancestrais por perto, mas vou ficar aqui até deixar Stros M'Kai."
4166,tdrc,É seguro falar aqui?
4167,te1a,"Disputas entre facções, conselhos divididos, erros de cálculo."
4168,texa,Os Coronados perderam o ânimo quando perderam a capital. Os Ancestrais perderam completamente a cabeça quando deram as boas vindas à amizade e ajuda do Império.
4169,te1c,A expansão imperial tem sido temida durante anos. Porque é que Hammerfell não estava melhor preparada?
4170,te2a,"O que mais pode um visionário fazer com um convite aberto? Sem dúvida, os Ancestrais estão a pensar nisso agora. É por isso que estão tão amargos e se deixam levar pelas brigas dos bares."
4171,te2c,"Então o Império jogou bem com os antepassados, não foi?"
4172,teya,"Tem a pele para isso, não acha? Vou encontrar a coisa ainda, e antes de você se eu sair com o meu"
4173,teyb,"Sim, mas o Cyrus tem de deixar essa aventura para outro dia. Tem uma irmã para encontrar. Eu disse-lhe que o ajudarias depois de eu partir, lagarto, então lembra-me bem."
4174,teyc,O Dreekius conhece o Olho da Argônia?
4175,tf1a,"Originalmente, o Império ia emprestar os seus exércitos à causa dos Ancestrais em troca de uma faixa de títulos de propriedade ao longo da fronteira sudeste..."
4176,tf1b,"Mas quando o Barão Volag desapareceu no final da guerra, todas as apostas foram canceladas. Formada uma nova aliança que colocava os exércitos imperiais nas cidades..."
4177,tf1c,Quais foram os termos da trégua com os antepassados?
4178,tf2a,"Algo assim, sim, senhor."
4179,tf2c,Até o momento em que o governo nativo julgar oportuno reinstalar-se no seu legítimo trono
4180,tfoa,"O trono da Sentinel mantém-se quente graças a outro Governador Imperial, isso deve ser indício suficiente."
4181,tfoc,Como foram os Ancestrais sob o governo de Septim?
4182,th0a,Começa pelo princípio.
4183,th0c,É verdade.
4184,th1a,"Cyrus! Não! Conseguiste! Venha aqui, rapaz!"
4185,th2a,Estás com bom aspecto! Já passou muito tempo!
4186,th2b,A vida de mercenário é trabalho de homens jovens!
4187,th2c,Se não te tivesses retirado...
4189,th3c,Eu disse.
4190,th4a,Rezei para que recebesses a minha carta.
4191,th5a,"O que se passa, rapaz?"
4192,th5c,"Olá, Capitão."
4193,th6a,Cyrus! Não! O que é que ouviste?
4194,th6c,Preciso de te perguntar uma coisa.
4195,th7a,"O que é, Cyrus?"
4196,th7c,"Olá, Capitão."
4197,th8a,"- Não, querida!"
4198,th8c,Capitão
4199,th9a,"- Não! Lá está ele, o lagarto! Eu disse-te que não seriam rivais para ele!"
4200,th9b,"Nunca duvidei, rapaz! Eles não estavam no Sancre Tor, quando aquele bastardo do Akavir..."
4201,th9c,"Tobias, tenho de te dizer uma coisa importante. Iszara era parte da Liga Revoltosa."
4202,th9d,"""Queee?!"""
4203,thla,Bebe isto e acaba com isto.
4204,thlb,"Não há tempo para descansar, porque esta cidade está repleta de sombras que querem fazer-te mal, e a tua irmã está entre elas."
4205,thlc,"Estou sem prática, parece, ou a situação difícil de Iszara perturba-me até à distração. Aqueles bandidos fizeram-me muito mal. Onde posso descansar e curar estas feridas?"
4206,thld,"Podes comprar mais destes no Grêmio de Magos, ou visitar o templo, se te magoarem de novo. E conhecendo-te, será muitas vezes"
4207,tilt,"Espero que esta carta chegue às tuas mãos, amigo. As minhas últimas viagens levaram-me a Stros M'kai e aqui ninguém viu a tua irmã há três meses. Temo o pior. Sinto-me obrigado a ficar umas semanas. Estarei na quinta Dragin TALE, se voltar. Tobias."
4208,ti1a,"Eu entendo, rapaz, o que queres dizer."
4209,ti1c,"É uma sorte que estejas aqui, Tobias, ou não saberia que o Iszara estava em apuros. Não vou a Hammerfell desde..."
4210,ti2a,"Enviei a carta há umas semanas, Cyrus. Receio que as coisas tenham piorado para a tua irmã desde então."
4211,ti2c,"De qualquer forma, Stros M'Kai não tem ninguém que me possa localizar. - Obrigado, senhor."
4212,tima,"Stros M'Kai é um porto perigoso nestes dias, há um império a ser construído, e o Tiber Septim não mostra sinais de frear o seu crescimento daqui até à borda do mapa do mundo."
4213,timb,Os reis fronteiriços de High Rock dobraram os joelhos diante de Cyrodiil há muito tempo.
4214,timc,"Vejo que o porto já está adornado com as bandeiras do Imperador, e que os seus homens andam pelas ruas como se tivessem nascido para elas."
4215,timd,"Até o justo Skyrim do meu pai está adornado com bandeiras de dragões vermelhos e homens estrangeiros. Estamos a entrar numa nova era, receio, com o nome do Septim escrito por toda a parte."
4216,tj1a,Como é que escapaste?
4217,tj2a,Deve ter voltado para Cyrodiil.
4218,tj2c,"- Por amor de Deus. As Catacumbas saem perto do porto, e parecem se estender quilómetros e quilómetros. Embora não tenha visto nenhum dragão"
4219,tj3c,"Fome, suponho. Não há ninguém na Liga para o alimentar. Estão todos bem escondidos algures aqui em Stros M'Kai. E o Iszara está com eles."
4220,tk1a,"Não perguntei a muitos por medo de uma má lealdade. Então fui ao templo perguntar por ela, pois os irmãos de Arkay são neutros nos assuntos dos mortais."
4221,tk1b,"Lá, o irmão Nidal disse-me que Iszara tinha desaparecido e impediu-me de te escrever."
4222,tk1c,Quem nesta aldeia conhecia o Iszara?
4223,tk2c,O que me pode dizer sobre o Iszara?
4224,tk3c,- Não é verdade?
4225,tk4c,Desapareceu há três meses.
4226,tk5c,"E então, o que?"
4227,tl1a,Onde ouviste esse nome?
4228,tl1c,"O que é a Liga Revoltosa, Capitão?"
4229,tl2a,"Fala sobre isso, mas em um sussurro e não muito. O Governador está a procurar-os nas águas circundantes e vai vê-los despedaçados e esfaqueados se conseguir a sua."
4230,tl2b,A Liga sobreviveu à morte do Príncipe Herdeiro e ainda resiste aos seus inimigos.
4231,tl2c,Atacaram o barco que me deu transporte...
4232,tl2d,"Mas são poucos e cada vez menos, pelo que ouvi, e reduziram-se ao bandolismo nos últimos dias. Não muito longe das vidas que tivemos há pouco tempo."
4233,tl4a,Um brinde aos Redguards!
4234,tlta,Não te enviei directamente. Eu sabia que aquele maldito gato ainda te estava a meter em sarilhos até hoje.
4235,tltb,"S'rathra parecia a solução provável, e através dos canais tinha ouvido que tinha feito Wayrest seu porto ultimamente"
4236,tltc,"Como é que soubeste onde me encontrar, Tobias? Os nossos caminhos separaram-se há tanto tempo."
4237,tm1a,"Quem quereria fazer isso?! Tanto fogo e cinzas, que os Elfos das Trevas fiquem com o seu feitiço!"
4238,tm1c,Não voltei a Morrowind desde então.
4239,tm2a,"- Não! O que me lembra que o Governador Richton tem uma pequena dentada por aí... O seu tenente é um Elfo das Trevas! Cuidado com ele, sempre perto do Governador, escondido na sua sombra!"
4240,tm2c,Não te esqueças dos bichos.
4241,tmea,A luta abandonou-me após o nosso pequeno ataque a Morrowind. Tem sido um doce negócio desde então.
4242,tmec,"Desde quando és comerciante, Tobias?"
4243,tmga,"- Sim, eu sei. Está aqui, do outro lado da praça. Também vendem lá outras coisas mágicas. Faz uma visita e diz àquela linda aprendiz elfa que tem de vir ver o oceano comigo."
4244,tmgc,Posso comprar mais poções de cura no Grêmio de Magos?
4245,tn1a,"Vejo que ainda te lembras dos teus heróis de infância, mesmo tendo abandonado a pátria."
4246,tn1b,"Ser resoluto, não ter medo de nenhum sacrifício e superar todas as dificuldades para obter a vitória."
4247,tn1c,A HUNDING é um MANTIAL UNIVERSAL.
4248,tn2a,Diz-me que não ficaste com o coração partido quando viste a estátua dele no porto.
4249,tn2c,- Vês? Qualquer um poderia admirá-lo.
4250,tnxa,- A sério.
4251,tn3c,"O Hunting é um grande herói para o Hammerfellow, admito, e até um pouco para mim. Salve o grande fundador e toda essa tolice."
4252,tnxc,"Mas é um plano mau tentar desencadear o tirão da pátria através da invocação de Hunting, Tobias."
4253,tn4a,"É por ter caído no mar, idiota!"
4254,tn4c,Lembra-te que ele também abandonou a sua terra natal e nunca mais olhou para trás.
4255,to1a,Os Coronas fugiram para lá depois da batalha. Foi a sua última resistência. O Governador enviou o seu dragão e acabou-se.
4256,to1c,O que aconteceu com o Casco Velho?
4257,to2a,Essa parte da cidade está fechada. Ninguém que eu tenha falado sabe se ele estava lá ou não.
4258,to2c,O Iszara estava lá?
4259,tp1a,"Quanto tempo estiveste no Wayrest, Cyrus?"
4260,tp1b,"A um passeio da Baía do Sentinela, perto o suficiente para ouvir falar do Príncipe A'tor, então"
4261,tp1c,O suficiente para irritar os habitantes.
4262,tp2a,"E tu já ouviste tudo, tenho a certeza."
4263,tp2c,"- Sim, eu sei. Ultimamente, os pregadores estão a tropeçar entre si com tantas notícias que chegam do sul quente."
4264,tp3a,"Quando o pai dele morreu e a capital da Sentinela foi tomada pelos Ancestrais, o Príncipe fugiu para aqui, para a sua casa ancestral em Stros M'Kai."
4265,tp3b,"Depois de reunir as Coroas ao seu lado, voltou ao trono, e estava perto de alcançá-lo."
4266,tp3c,- Está bem. Conta-me todas as notícias do Príncipe A'tor que ignorei vergonhosamente.
4267,tp3d,Foi quando o Império chegou
4268,tp3e,"Através de uma trégua de antepassados que ninguém esperava. Novamente o Príncipe foi forçado a voltar para Stros M'Kai, que morreu a defendê-lo. Não será esquecido por muito tempo. - O que é isto? Outra bebida!"
4269,ts1a,Como está esse escorpião velho?
4270,ts1b,Pensei que o Septim tinha consolidado os Bretões.
4271,ts1c,"Passou dos pretendentes a tronos do velho Império para os senhores menores de High Rock, e continua a jogar com eles para seu benefício, extraindo ouro de todas as frentes."
4272,tsxa,Ainda cheira tão mal?
4273,ts2c,"Tanto quanto os Bruxos, mas ainda há muito dinheiro a ser feito no traçado das fronteiras antes que as leis provinciais seco completamente"
4274,tsxc,"Há muita demanda por mercenários ultimamente, e também por tipos que resolvem problemas, como o nosso amigo o gato."
4275,ts3a,Acho que vou passar a cumprimentá-lo quando eu for embora. Há muito tempo que não o vejo.
4276,ts3c,Como se pudesse sentir daqui.
4277,tsea,"Durante muito tempo, os meus homens foram ao Iliaco e a sentinela estava ao longo da rua. Foi assim que soube que a Izara tinha sido transferida de lá para aqui."
4278,tseb,"Fica com ela, por tua causa, mesmo que seja um sonho pensar que alguma coisa sairia dela."
4279,tsec,Como é a cidade do Sentinela? Nunca mais.
4280,tsed,"Quando a Purga de Volag começou a vir do norte, eu fui lá em busca de ajuda, mas ela já tinha ido. Mais tarde soube que tinha vindo a Stros M'kai."
4281,tska,Não se preocupam muito. Já sobreviveram a impérios antes e esta conquista não será diferente.
4282,tskb,"Hammerfell foi a invasão mais sangrenta que se tem registado, e em comparação a ocupação de Skyrim parece uma dança de ballet."
4283,tskc,Então os reis do Norte também se submeteram ao Tiber Septim?
4284,tsma,"A guerra e os rumores de guerra. Todos os mercadores que estão perto e em condições de navegar vieram para Stros M'Kai, em consequência dos recentes acontecimentos..."
4285,tsmb,Ou para servir o Governador Provisório ou para encher as linhas marítimas que o Septim destruiu e que as Coronas não podem mais correr.
4286,tsmc,O que te trouxe a Stros M'Kai?
4287,tsmd,"Pensei que pudesse beneficiar de uma visita, mas não trouxe nada além de tristeza e sinal de dias mais escuros. Receio que vá embora muito cedo."
4288,tt1a,"Ele é bom no que faz e vê os buracos que homens menores deixam no chão. Sem ofender o seu Príncipe A'tor, claro..."
4289,tt1c,Alguma palavra amável para o nosso novo Imperador?
4290,tt2a,"Claro que é! Tirania significa nunca ter de dizer que sinto. Mas o destino de Iszara não tem nada a ver com o Imperador, tenho a certeza."
4291,tt2b,Olhe para o Governador Provisório se suspeitar de intrigas imperiais. Ele é o verdadeiro tirano por aqui.
4292,tt2c,Os problemas de Hammerfell são seus. Só queria saber se o Septim era o tirano que dizem.
4293,tu1a,"Ao anoitecer, se tudo correr bem. E quanto a onde, para onde eu quiser. Stros M'Kai não é para mim."
4294,tu1c,"Vai-se embora, Capitão? Quando e para onde?"
4295,tu2a,Os imperiais têm estado a perguntar pelo seu criado nos cais ultimamente. Receio que as minhas investigações sobre o desaparecimento de Iszara os tenham interessado nos sentidos errados.
4296,tu2b,"Vou ajudar-te no que puder no decorrer deste dia, mas depois tenho de acabar com isto. Sou demasiado velho para uma prisão imperial."
4297,tu2c,Mas pensei que pudesse ajudar-me.
4298,tu3a,"Não estiveste aqui o tempo suficiente. A minha nave está pronta para partir ao anoitecer, mas não te preocupes. Estarei aqui até lá, para te ajudar se precisares. Muitas coisas podem acontecer num dia. Voltaremos a ver-nos"
4299,tu3c,Não vamos chegar a isso.
4300,tv1a,"Quando Thassad morreu, o Barão Volag liderou os Ancestrais numa revolta pelo controle da capital. Todas as coroas foram obrigadas a abandonar a Sentinela após aquele primeiro massacre."
4301,tv1b,"A tua irmã estava entre os que seguiram o Príncipe até Stros M'Kai para planear o contra-ataque. Eu juro, Cyrus, és sempre tão coxo quando se trata de notícias recentes de Hammerfell?"
4302,tv1c,O que foi a Purga de Volag?
4303,tv2a,E isso é bom?
4304,tv2c,Eu... Chegou a cultivar uma certa indiferença pela pátria...
4305,tv3a,"Era a tua irmã, Cyrus!"
4306,tv3c,Então a sua reputação está em dúvida. - Outra vez.
4307,tv4a,"Uma proximidade frequente e deliberada, eu suspeitaria."
4308,tv4b,"Mas, porra, já estás aqui!"
4309,tv4c,Provavelmente estava a quilómetros de distância.
4310,tw1a,"Há vinte anos, talvez, quando todo o coração de Tamriel era um caos. Posso admirar Tiber Septim na medida em que conseguiu consolidar os trapos e as tiras que se disputavam lá naquela época."
4311,tw1c,"Costumavas contratar aqueles pequenos reis, não costumavas?"
4312,tw2a,Há um Redguard para ti.
4313,tw2c,"Não haver império é uma coisa boa, Capitão."
4314,twra,"Nada mais do que a minha carta descreveu, que ela foi embora e ninguém sabe para onde, apenas um mau pressentimento que piorou com a espera."
4315,twrb,"O governador não foi clemente com as Coronas que sobreviveram à batalha. Ouvi dizer que a barriga do seu dragão está cheia dos mais barulhentos, e que muitos morreram depois, no incêndio do bairro velho."
4316,twrc,Que queres dizer com pior? O que mais sabes do Iszara?
4317,txba,Nidal disse-me que o irmão Kithral desapareceu mais ou menos ao mesmo tempo que a tua irmã. E que se conheciam
4318,txbc,Estou a perceber um tema. Onde é que ouviste isso?
4319,tz1a,Dizem que se pode contactar com eles através do farol abandonado em Saintsport...
4320,tz1c,"Tenho de encontrar a Liga Inquieta, Capitão."
4321,tz2a,Não conheço o sinal.
4322,tz2c,"Aye, um Liguista que conheci nas Catacumbas disse-me que podia fazer um sinal aos seus companheiros de lá, mas não me disse como."
4323,tz3a,Tens de encontrar alguém que a tenha visto. E espera que já não tenham contado ao Império.
4324,tz3c,- Raios partam!
4326,tzz2,"Diz-me, rapaz."
4327,tzz3,"Em que estás, rapaz?"
4329,txx2,"Stros M'Kai é um porto perigoso nestes dias. Há um império por construir, sabes."
4330,tzz4,"Não, Cyrus. Aqui não. Vais agitar os aldeões."
4331,tzz5,"Cyrus, não. Envolva-se com alguém do seu tamanho."
4332,tzz6,"Cuidado com os equipamentos, Cyrus."
4333,tzz7,"Afasta-te de mim, rapaz. Derrama a minha cerveja e vais arrepender-te."
4334,tzz8,"Vamos, Cyrus. Pára de brincar com ele."
4335,tzz9,"Aponta para cima, rapaz. E para o lado!"
4336,tzz0,"Um pouco fora de forma, não é?"
4337,tzza,"A envelhecer e a ficar lento, amigo?"
4338,ub1c,"Foi um prazer, Urik."
4339,ubfa,"És um mentiroso. Como conheces o Basil? Acho que és um espião imperial. Aposto que se te matasse, o Basil pagaria uma boa recompensa."
4340,ubfc,"E olha para onde isso te levou. O Basil é meu amigo, e se fizeres as coisas bem, podes sair muito mais rico."
4341,ubsa,"O chefe da Liga Revoltosa, amigo. Enquanto ele estiver vivo, a Liga também. Até o Governador expor a cabeça de Basil na parede do Palácio, eu não os descartaria."
4342,ubsc,E quem é o Basil?
4343,udla,"Sim, como queiras."
4344,udlc,"- Sim, eu sei. Aqui está o teu dinheiro. Vou ter a certeza de mencionar a tua gentileza quando encontrar o Iszara."
4345,ufia,Como queiras.
4346,ufic,"Está na hora de ganhares a tua recompensa, Urik."
4347,ufla,O que te faz pensar que preciso de ti para negociar com a Liga? Há anos que não me importo com o Basil sem ti.
4348,uflc,"- Ouve. Tu dás-mo, eu dou-o à Liga e falo bem de ti. O que é que me dizes?"
4349,ufta,Morrerás aqui em baixo!
4350,uftb,"Vindo aqui, fazendo demandas..."
4351,uh1a,"Desculpa, amigo. Não posso ajudar-te."
4352,uh1c,- Abre-me!
4353,uh2a,Está fechado.
4354,uh2c,"Não sei, não sei."
4355,uh3a,- Está bem. Só um segundo.
4356,uh3c,Tood Hovard.
4357,uh4a,Urik. Bem-vindo ao esconderijo do contrabandista. O que queres?
4359,uh5a,"É um mundo onde o cão come o cão, CYRUS."
4360,uh5c,Qual é o negócio?
4361,uh6a,"Em que posso ajudar, amigo?"
4362,uh6c,"Olá, Urik."
4363,uhia,Claro que sim. Mudei por ele.
4364,uhic,"Entrega-o, amigo. Esse pergaminho pertencia a Iszara, e agora pertence-me."
4365,uhta,"Um bom golpe, não é, amigo?"
4366,uhtb,- O que é isto?
4367,uhtd,"Ouvi dizer que os guardas vermelhos eram espadas, Cyrus."
4368,uifa,Nunca disse que era amiga dele. Só que eu a conhecia. O que te faz pensar que eu me importo com o que lhe aconteceu?
4369,uifc,"Afirma ser amigo de Iszara. Estou a tentar descobrir o que lhe aconteceu, e preciso desse pergaminho para o fazer."
4370,uisa,"É verdade, ela vinha de vez em quando. A última vez que a vi, estava atrás de um pedaço de malaquita por alguma razão."
4371,uisc,"Estou à procura da Iszara, a minha irmã. Parece que ela fez negócios com você de vez em quando."
4372,ukba,"- Não! Eu chamo-te farol, tu chamas o meu. Aqui está o maldito distintivo. Não me serve de nada. Um conselho, não tentes isso com o Basil. Nunca é um farol."
4373,ukbc,"Então, talvez eu não conheça o Basil. Só quero encontrar a minha irmã, e agora, tu estás entre ela e eu."
4374,ulga,"Sempre trabalhámos juntos, desde muito antes da guerra civil. Interesse mútuo e tudo o mais."
4375,ulgb,"Mas os rapazes da Liga devem estar a passar despercebidos, não vejo nenhum deles há semanas. Não importa. O contrabando é um bom negócio, com ou sem piratas."
4376,ulgc,A Liga Revoltosa opera a partir da Guarda do Contrabandista?
4377,ulia,"- Não. Suponho que tenhas razão. Diz ao Basil que tenho pedidos atrasados a acumular-se, assim que puder enchê-los."
4378,ulic,"Tu mesmo disseste que a Liga se foi. Dá-me as placas. Se eu as encontrar, bom para ti. Se não, não te custou nada."
4379,ulxa,Depende. O que há nela para mim?
4380,ulxc,Podia usar o distintivo que o Iszara te deu. - Dá-me isso?
4381,umla,"- Não sei. - Não sei. Mas eu sei que ele o queria muito. Trocou uma insígnia da Liga por ele, disse que podia usá-la para conseguir favores da Liga."
4382,umlb,"Mas desde então, a Liga desapareceu de Stros M'Kai, por isso, eu tenho um pedaço de papel sem valor."
4383,umlc,O que é que o Iszara quer com isso?
4384,unda,"Sim, como queiras."
4385,undc,Isso não é aceitável. Acho que só me vais dar esse distintivo.
4386,unma,"Bem, então, parece que temos um problema aqui."
4387,unmc,- Não sei. - Não sei. Mas sei que não vou embora sem esse distintivo.
4388,uoca,"Todos precisam de contrabandistas, gostemos ou não. Por exemplo, Richton gosta do seu vinho Valenwood."
4389,uocb,"A Liga garante que não chegue legalmente, e nós asseguramos que a bodega do Palácio seja bem abastecida. Todos ganham."
4390,uocc,A ocupação imperial não parece ter encurtado muito o teu estilo.
4391,upaa,Claro que sim. Mas duvido que possas pagar. A não ser que os bandidos sem emprego ganhem mais dinheiro do que eu pensava.
4392,upac,"Ah, um homem de negócios. Eu estaria disposto a pagar-lhe por ele."
4393,upas,Qual é a senha?
4394,upka,"Não te preocupes, amigo. Tenho a minha própria irmã, está bem? Ouve, eu vejo que é importante para ti, então podes levá-la. Aqui tens. Sem ressentimentos, está bem?"
4395,upkc,"Estás a tentar a sorte, loira. Vou cortar-te o pescoço se for o que for preciso para encontrar a minha irmã."
4396,upla,"Eu não. O Governador tolera a nossa operação, certamente, mas não confia em nós."
4397,uplb,"Richton é muito rigoroso com a segurança... E não admira, a Liga adoraria esfaqueá-lo. Ninguém entra no palácio sem uma boa razão."
4398,uplc,Imagina que queres entrar no Palácio do Governador. - Poderia fazê-lo?
4399,upsa,"Sim, bem, não estamos tão no topo da lista de inimigos do Richton como a Liga Revoltosa."
4400,upsc,"Não te preocupes, o teu segredo está seguro comigo. Não é que este lugar seja tão secreto. A metade da cidade parece saber."
4401,uria,"Temos os nossos usos. Como se não quisesses que o Imperador soubesse quantos impostos estás a cobrar. Como eu disse, todos ganham."
4402,uric,"Ainda assim, surpreende-me que o Richton te dê tanta liberdade."
4403,usda,"Obrigado, gostamos de pensar assim. Quem te deu o código, a propósito? Assim sei a quem devo dar uma sova."
4404,usdc,Uma pequena e acolhedora operação que têm aqui.
4405,uswa,"Isso é suposto ser um insulto? Raios, podes aceitar. Se não te der, ficas aqui a falar o dia todo, e eu tenho trabalho a fazer."
4406,uswc,Porque conheço a minha irmã. Ele teria gostado de ti. Ela sempre teve mau gosto por homens.
4407,utka,Isso já veremos!
4408,utkc,Então vou ter de o levar.
4409,utma,"Está bem, está bem. 100 de ouro, nem um xelim menos. - Podes pagar?"
4410,utmb,Não acredito. Porque não voltas quando estiveres pronto para fazer negócios?
4411,utmc,"Não, tenho a certeza que conhece bem a tarifa vigente. Mas porque não diz um preço e vemos?"
4412,uw1a,"- Não, não, não! Aqui tens. Ouça, sem ressentimentos, não é? Só um mal-entendido entre amigos, é tudo, certo?"
4413,uw1c,- Agora mesmo. Sobre este distintivo. Acho que ambos concordamos que a ganhei de surpresa.
4414,uw2c,- Deveria.
4417,uwhd,"- Sim, pai!"
4418,uwhe,- Que merda!
4420,uzz1,O que é que queres?
4421,uzz2,E então? Queres alguma coisa?
4422,uzz3,"O que queres, amigo?"
4423,uzz4,"- Não, não. O frango rápido, não é?"
4424,uzz5,"Tens estado a dar-lhe açúcar de lua, meu?"
4425,uzz6,"Porquê o aço nu, amigo? Isso não é bom vizinho."
4426,uzz7,"Não mais, amigo. O meu rabo está partido."
4427,vb1a,Ali está o bastardo que estragou a minha incursão.
4428,vb2a,"Mas agora vês-me, não vês?"
4429,vb3a,Tão clara como a água...
4430,vb4a,Não precisamos de falar com ele! Deixa-me...
4431,vb5a,Pode morrer agora?
4432,vb6a,Deixem-me cortar este astuto.
4433,vb7a,Ela nunca mencionou um irmão.
4434,vb8a,Ele também não sabe onde está.
4435,vb9a,"A tua lista é muito longa, Basil. Eu conto o meu. É curta... E o... - Não, ponto!"
4436,vbaa,"Não pode ajudar-nos, Basil. Agora é a minha vez."
4437,vbba,Você ganha! Eu ganho!
4438,vf1a,A Iszara lutou melhor do que tu.
4439,vf1b,"Vamos, agora."
4440,vf1c,"Estou aqui, Vander."
4441,vf1d,Faz o que podes.
4442,vf2a,"De frente para frente, CYRUS!"
4443,vf2b,"Gostas, não gostas?"
4445,vf2e,Apanhado!
4446,vf2f,Cortar.
4447,vf2g,Isso é para os mimados da rede!
4448,vf2h,Isto é pelos homens que mataste!
4449,vf2i,SENTEM-SE...
4450,vf3a,Você ganha! Eu ganho!
4451,vf3b,- Que estúpido.
4452,vf3c,"Sim, sim."
4454,vf3e,Vai para o inferno!
4455,vf3f,Maldito mar!
4456,vf3g,"É verdade, Ciro..."
4458,vf3i,Eu mato-te!
4460,vh1a,Vieste para te gabares do teu triunfo?
4461,vh2a,E os meus homens? O que é que se passa com eles?
4462,vh2c,Vamos acabar com isto. Pelo bem da minha irmã?
4463,vh3a,"Estávamos a atacar aquela nave pela sua conhecida lealdade Imperial, que..."
4464,vh3c,Aqueles homens não me deram escolha.
4465,vh4a,Mesmo que acrescentes as suas baixas.
4466,vh4c,Esta é a sua guerra e não vou participar.
4467,vh5a,"Cyrus, não. Eu... Eu... Também quero encontrar o Iszara."
4468,vh5c,Continua de pé... Esqueça.
4469,vh6a,Estás ferido. Toma esta venda.
4470,vh7a,Pela tua boa vontade. E a minha vida perdoada.
4471,vh7c,Obrigado.
4472,vzz1,"Chega, homem."
4473,vzz2,"Já chega, eu disse."
4474,vzz3,Não mais. Guarda-o.
4475,wb1a,Não deixes que a porta te bata quando saíres.
4476,wb1c,"É sempre um prazer, Rollo."
4477,wbla,"Sheesh, és tão estúpido como pareces. O sino, no campanário, está mesmo lá fora."
4478,wblc,A campainha?
4479,wbma,"- Não, não. Acorda-me quando acabares de falar, está bem? Obrigado."
4480,wbmc,"Falas demais, Rollo. Um dia, a tua boca vai meter-te em sarilhos."
4481,wdta,"Está bem, fora, ZOQUETE! Aqui estão algumas instruções para que possam compreender."
4482,wdtb,"Saiam daqui. Olha à tua volta. Se não o vires, abre os olhos e tenta outra vez. Agora, desaparece."
4483,wdtc,Estou à procura da Pousada Draggin Tale. - Conheces o tipo?
4484,wgma,"""Tenho o teu medalhão de prata aqui, amigo. Vai, estou ocupado."
4485,wgmc,Preciso desse medalhão. Dá-me isso.
4486,wgra,"Sabes, aquele duende tolo que dirige o posto comercial. Pago-me um centavo de prata por cada caixa que trago das docas."
4487,wgrb,"E só tenho de descer quando tocar o sino, significa que um barco chegou"". Sim, o Rollo reconhece uma coisa boa quando a vê."
4488,wgrc,Que tipo de negócio é que tens com o Gerrick?
4489,wh1a,O que é que queres? Não vês que estou ocupado?
4490,wh1c,Posso falar contigo?
4491,wh2a,Tu outra vez. Porque é que me queres?
4492,wh2c,"Ei, Rollo! Preciso de falar contigo."
4493,wh3a,O que te faz pensar que eu quero responder?
4494,wh3c,Preciso de te fazer algumas perguntas.
4495,wh4a,Estou cansado de ouvir-te. - Saiam daqui.
4496,wh4b,Não sei nada disso.
4497,wh4d,Ainda estás aqui?
4498,wh4e,"Não consegues mesmo captar uma indirecta, pois não? Desaparece."
4499,wh4f,Porque é que eu te diria?
4500,wigc,Isso é... Muito útil.
4501,wisa,"- O Iszara... Uma coisa magra, pernas de frango, sem ancas? Sim, eu conheço-a. Ele costumava vir, incomodando-me o tempo todo,"
4502,wisb,Sabes como são as mulheres. Mas não são o meu tipo. O Rollo gosta de coisas maiores.
4503,wisc,Conheces uma mulher chamada Iszara?
4504,wkja,Foi o que ele disse. Algo relacionado com aquele velho e assustador necromante. Porque não vais perguntar-lhe e deixas de me incomodar?
4505,wkjc,Estás a dizer que o Kotaro tinha um trabalho para alguém que subisse ao Palácio?
4506,wkta,"O tipo do sindicato dos trabalhadores, no porto. Ele contrata vadios como tu por uma miséria. Devia procurá-lo. Parece que pode precisar de um emprego."
4507,wktc,Kotaro? Quem é esse?
4508,wlga,"Muitos idiotas, se me perguntarem. Não podem lutar contra o Império. Mas vão aprender."
4509,wlgc,O que sabes da Liga Revoltosa?
4510,wlka,Lakin estúpido! Ele é um perdedor em mais do que cartas. Ele merece o que o parente lhe vai dar quando souber. Agora é meu e não vou devolvê-lo.
4511,wlkc,O Lakene disse-me que tens o medalhão de prata da mulher dele. Há alguma hipótese de o recuperar?
4512,wnca,"Sim, N'Gasta. Não me digas que nunca ouviste falar dele."
4513,wncc,- O que é?
4514,wnga,"Não te disse para te afastar? É uma espécie de necromante, vive nos arredores da cidade numa grande torre."
4515,wngc,Fala-me deste N'Gasta.
4516,wnma,Então porque me chateas com isso? - Seu idiota.
4517,wnmc,Como queiras. Não é importante para mim.
4518,wocc,- Claro que sim. Que estúpido sou.
4519,wpea,"Ou se não o quê? Vais matar-me? Não tenho armas, e sei que os antigos guardas vermelhos não fazem isso. Tenho o poder do guião do meu lado."
4520,wpec,És um mau mentiroso. Diz-me a senha ou se não...
4521,wpla,"Não, não, não. Podia ter arranjado um emprego para lá subir, mas o Kotaro não oferecia o suficiente. Deixei outro idiota ir até ao N'Gasta."
4522,wplc,Suponho que nunca tenhas estado no Palácio?
4523,wpsa,Não é a pessoa certa. Não sei nada de senhas. Só te estava a dizer o que tinha ouvido.
4524,wpsc,"Sei que estiveste na Guarda do Contrabandista, Rollo. Diz-me a senha e deixo-te em paz."
4525,wsda,"Talvez tenha ouvido falar dela. Sim, vi uns tipos a andar por aí, supostamente da Liga Inquieta, mas é tudo conversa fiada."
4526,wsdb,"Nunca fazem nada. De qualquer forma, não podes entrar lá sem uma senha, por isso é melhor esqueceres."
4527,wsdc,Sabes alguma coisa sobre a Guarda do Contrabandista que está debaixo da loja do Cartógrafo?
4528,wsma,"Que tal eu sou, o pregador? O mesmo que sempre, no que diz respeito ao Rollo. A política é para tolos."
4529,wsmb,"Tenho um bom acordo com o Gerrick, não preciso de me preocupar com quem está sentado no Palácio."
4530,wsmc,Como estão as coisas na cidade com os imperiais no comando?
4531,wtha,E eu tenho o poder do guião do meu lado. Não podes fazer nada ao Plot Armor.
4532,wthb,- Está bem. Feche a porta quando sair.
4533,wthc,"Rollo, quero partir-te a cara."
4534,wtxc,"Sim, talvez."
4535,wwhc,"O que quer que tu digas... - Não, amigo."
4536,wwta,"O irmão mais velho é um tipo duro, não é? Estás a passar a linha, a vir para a minha casa a falar assim. Não a vejo há meses."
4537,wwtc,"Cuidado com a língua, idiota. Estás a falar da minha irmã."
4538,wxy1,Pára de me incomodar.
4539,wxy2,"Sai da minha frente, idiota."
4540,wxy3,Estou ocupado. - Saiam daqui.
4541,wxy4,- Saiam daqui.
4542,wzz1,"- Sim, é?"
4543,wzz2,O que é que queres?
4544,wzz3,O quê?!
4545,wzz4,"Desça daí! O que és, um palhaço?"
4546,wzz5,- Não! Desça!
4547,wzz6,Saiam daí!
4548,wxy5,Toca-me e rebento-te a cabeça fedorenta.
4549,wxy6,"Sai da frente, seu pequeno soprador."
4550,wxy7,"Pára de gritar, ou eu vou dar-te um cinto."
4551,wxy8,"Sim, sim, eu sei. Tens uma espada. - É uma coisa grande."
4552,wxy9,Cuidado com essas coisas!
4553,wxy0,"- A sério? Que bom! - Não, não."
4554,wxx1,"Porque não ficam quietos, idiotas?"
4555,xa01,A dos a-a-apes que saem com as mães.
4556,xa02,B de b-b-bulbos que explodem por prazer
4557,xa03,C das águas navegadas pelos marinheiros
4558,xa04,D dos d-d-dedos que exploram suas línguas
4559,xa05,E das anguelas que hipam! almoço
4560,xa06,F das pulgas que invadem as suas cuecas
4561,xa07,G de grogue que engolem em litros!
4562,xa08,H dos cabelos em suas verrugas nojentas
4563,xa09,E do que eles tiram com os dedos.
4564,xa10,J dos t-t-tirões que batem nas cordas
4565,xa11,K dos g-g-gatos que se afogam em sacos
4566,xa12,O amor que dão às cabras!
4567,xa13,M das marcas de 50 açoites
4568,xa14,Não é de sua ingenuidade... Que engenho? Não têm
4569,xa15,"Ou dos oceanos onde se perdem"""
4570,xa16,P de sífilis e gengivas podres
4571,xa17,Q dos rabos que merecem golpes
4572,xa18,"O R está errado, e sempre o estará!"
4573,xa19,"É fedorento, como os seus sobrancelhos."
4574,xa20,T de carrapatos que tolice! Eles comem pulgas.
4575,xa21,Ou das urgentes necessidades masculinas
4576,xa22,V das verduras que nunca comerão
4577,xa23,W dos grilos em suas bolachas
4578,xa24,Três letras e o alfabeto acabou... Não é verdade?
4579,xa25,X marca equis nos seus ma-ma-mapas
4580,xa26,"E, ai! Porque é que a canção acaba?"
4581,xa27,Z das mulheres... - O quê? Zoantrópicas!
4582,xa28,"E agora... - Não, não! Vamos cantar tudo-a-todo de novo! (Tará-tá!)"
4583,xalo,Examinar as folhas de aloe
4584,xbkd,Examinar a Tradição Anã
4585,xbke,Examinar artefatos Elfos V.III
4586,xbkf,Examinar a flor de Hammerfellow
4587,xbkr,Examinar os heróis da Guarda Vermelha
4588,xbks,Examinar o processo FFOULKE
4589,xbkt,Obter Cubo
4590,xcan,Examine as velas
4591,xcom,Examinar a amêndoa
4592,xfet,Examine as penas
4593,xisj,Examinar o Diário de Izara
4594,xsho,Examinar a palha
4595,xtor,Examinar a tocha
4596,xa7c,Não há um caso assim em 200 anos.
4597,xara,Só estou a dizer que aqueles que jogam bem as nossas cartas podem abrir uma boa loja de cintos.
4598,xarc,"Também não gostas dos Argonianos? Quem é que gosta de ti, Crendal?"
4599,xbya,- Está bem!
4600,xbyc,Já tive o suficiente.
4601,xcla,"Aqui está uma ideia, Redguard... Amarra um caixote de ouro ao tornozelo e mergulha no mar."
4602,xclc,Alguma ideia de como contactar a Liga Inquieta?
4603,xcta,"Não disse isso. Eu disse-te. Não, não, não. Eu disse. Que. Richton lança as coroas na prisão, e os piratas nas Catacumbas. Eu não sou nem um nem outro. Duvido que os seus amigos me possam levar de qualquer maneira."
4604,xctc,"Tens medo das Catacumbas, não é?"
4605,xdla,"- O quê? - O quê? Sou mais inteligente que tu, Redguard! Eu tenho um pedaço do mapa. - Não! Que tal isso? Não acreditavas que o hip o tivesse!"
4606,xdlc,Claro que está a mentir. Não és suficientemente inteligente para teres conseguido um pedaço do mapa.
4607,xdra,"- Não, não. A quem culpas pelos teus, durão? Eu conheço a história do Dreekius... Só que mais ninguém a conhece. Argonenses malditos! Os elfos escuros têm razão: cageai-os e deixai-os tornarem-se em cinzas!"
4608,xdrb,"Está bem, então. Aproxima-te desse bastardo escamoso e apanha a gripe..."
4609,xdrc,Tal como um bêbado culpa o barman dos seus problemas...
4610,xdta,"O Richton tem aquele maldito lagarto, Dreekius, a cobrar três moedas de ouro por um vinho nojento de Valenwood! Dá-me arrepios... Apanhando moscas na barra com a língua. Não posso relaxar com esse... - Não, não. (Aplausos) (Aplausos) o tempo todo."
4611,xdtc,"Sem dúvida, passaste muito tempo no bar local."
4612,xfla,"Ah, o frasco de Lillandril! Tudo o que é bom na vida vem num decantador."
4613,xflc,Já ouviste falar do frasco de Lillandril? Pareces um caçador de tesouros.
4614,xgma,"Que! Que! Quero dizer... que... Ummmm. Que se lixe. - Não. Outra mentira. Agora vai, Cyrus."
4615,xgmc,"Não tenho a certeza disso. Ouvi dizer que tinha dois números, um X e uma árvore longa. Não significou muito para mim, mas eu verificava o esconderijo se eu fosse você."
4616,xh1a,"Não, não, não. O meu nome é Crendal."
4617,xh1c,O meu nome é Cyrus. - Estás bem? - Sim.
4619,xh2b,"Não, não. É o rapaz das perguntas."
4620,xh2c,"Mais devagar, Crendal."
4621,xhma,"- Não. Hip. Vais gostar disto, menino preguiçoso. Uma noite, desmaiei no barco do velho Trithik, enquanto dormia. Acordei cedo, procurando uma bebida..."
4622,xhmb,"E sabes o que encontrei debaixo da cama dela? Um pedaço do mapa! - Não, não. - Não. - Não. Trithik nem deve saber que o perdi."
4623,xhmc,"Isso é impressionante, Crendal. Como é que pude duvidar de ti? - Diz-me... Como é que conseguiste?"
4624,xisa,"Claro que sim! Embora não me lembre de nomes... Ah, mas elas lembram-se do meu. Aquelas putas adoram Crendal... Levo-as todas para o jardim, sabes, hein?"
4625,xisc,Já viste uma mulher chamada Iszara por aqui?
4626,xlga,"Os malditos bastardos. Matei-os a todos, sim, senhor. Um punhado de maricas da Redguard... - Não, não. Querem que eu me junte a eles, mas tenho muito em que pensar... Uma carga pesada, eu digo-te! O Richton tem medo deles. Tu tens de ter cuidado."
4627,xlgc,O que sabes do grupo chamado Liga Inquieta?
4628,xlta,- É isso mesmo! É uma surpresa que os marinheiros não se fiquem por aqui. Ele... ele... Ele... ele... Quem é que está a encarregar-se disso?
4629,xltc,Imposto sobre álcool?
4630,xmpa,"Oh, ele fez, não foi? Uuhhh... bem... uh... ele está a mentir! Sim, esse lagarto está a mentir!"
4631,xmpc,O Dreekius disse-me que encontraste uma parte do mapa do frasco de Lillandril.
4632,xrca,"Não, senhor. Dei-lhe um pontapé no rabo. Não me vai meter nas suas catacumbas!"
4633,xrcc,Não tens medo do Richton?
4634,xsma,Preciso de beber para não ficar louco neste lugar. Aqueles fracos aqui pensam que podem tirar-lhe algo bom. Mas não estão a fazer nada. Nada. O Richton está a dar cabo de todos.
4635,xsmc,"Então, Stros M'Kai é uma grande festa para ti, não é?"
4636,xtca,"Isso é impossível. - Não. - Hick! - Não! Só falam, são ciumentos do Crendal. Não podem saber onde ele está!"
4637,xtcc,"Tenho informações que podem interessar-te, Crendal. Ouvi uns rapazes a dizer que encontraram o teu pedaço de mapa escondido."
4638,xtma,"- Não, não. Não tens nada que eu queira, Redguard. Além disso, nem sequer o tenho comigo, escondi-o onde aqueles maricas não o possam encontrar."
4639,xtmb,"E quando eu o usar para encontrar o frasco, o Richton e os ratos da Liga vão curvar-se diante de mim, e esse lagarto seguirá o caminho do Príncipe."
4640,xtmc,Eu vou tirar-te o pedaço de mapa das mãos se não o usares. Vamos fazer uma troca?
4642,xch2,"Ela flutua através dos meus sonhos, com a maior facilidade... A senhora gorda e torta com as perfumadas pernas..."
4643,xch3,- Não! Redguard! Que tal uma bebida?
4644,xch4,Que diabos...?!
4645,xch5,"Levem isto para outro lado, agora!"
4646,xch6,Vamos atrás deles!
4647,xch7,"É melhor correres, Redguard!"
4648,xgr1,Devo estar a ver coisas.
4649,xgr2,O que é que?
4650,xgr3,"Produto da boa bebida, eres!"
4651,xgr4,"- Não! Não faças barulho, sim?"
4652,xgr5,"Vai, porque não?"
4653,xgr6,"Vai-te arrepender noutro sítio, gremlin!"
4654,xgr7,Transformar-te em quê? Como diabo vou fazer isso? Já estás mal o suficiente.
4655,xch8,"- O quê? - Não, não, não. Um tipo pode magoar-se com essa coisa!"
4656,xxa1,- Não! - Tu! - Não! - Não! - Saiam daqui!
4657,xxa2,"- Olá, pessoal. Pára de me seguir!"
4658,xxa3,"- Olá, pessoal. Um homem não pode ter um pouco de privilégio?"
4659,y1oa,"Decerto já sabe que não se trata de riquezas e roubos. Isto é por honra, pela história dos Redguards e pelo cancro imperial que assola Hammerfell."
4660,y1oc,"Se é ouro que querem, piratas..."
4661,y1wa,"Aye, eu só tentei evitar, não enfrentá-los barco contra barco."
4662,y1wc,Deves ter encontrado uma forma de enfrentar a frota de Richton.
4663,y2oa,"Se quiseres, fodas-te, cão de beira. Mas se vou arriscar o meu pescoço, levando-te para a Liga, terás de me trazer um sinal de confiança, não ouro."
4664,y2oc,"Vamos, vamos."
4665,y2wa,"Um ataque astuto nosso. Temos a paixão, mas não os meios para enfrentar os seus navios no mar aberto."
4666,y2wc,Ouvi dizer que incendiaste o navio-mor dela há algum tempo.
4667,y3wa,"Escolhemos permanecer nas sombras, forçando o nosso estimado governador a dormir com um olho aberto e a procurar nos armários por assassinos. Já... Não nos encontrará."
4668,y712,"Já te puseste a trabalhar, não foi?"
4669,yb1c,Falamos mais tarde.
4670,yb2a,"Dou-te umas horas, nada mais. Não vou esperar pelos imperiais."
4671,yb2c,Volto com a tua prova.
4672,ybda,"- Não. Espero que o faças com estilo, mas não é bom o suficiente para te levar à Liga."
4673,ybdc,"Bem, já me encarreguei disso."
4674,ybsa,"Basil não fala com ninguém, especialmente com um tolo que usaria o sinal durante o dia, com todas as naves de guerra Imperiais ao redor."
4675,ybsb,"Se eles encontrarem o nosso esconderijo, bem... Mas, por favor, não se preocupe, você será o primeiro a ser morto."
4676,ybsc,"Leva-me ao Basil, se só fores a sua garota de corrida."
4677,yh1a,E quem é você?
4678,yh1c,Onde diabo está a minha irmã?
4679,yh2a,"Estás a ficar sem tempo, Cyrus."
4680,yh2c,Vamos falar.
4681,yh4a,"Isto deve ser bom, Cyrus."
4682,yh4c,Obrigado por ter vindo.
4683,yhda,Ninguém conhece as águas que rodeiam Stros M'Kai como a Liga Revoltosa. Nós nos movemos entre sombras e linhas que nem sabem que existem.
4684,yhdc,Porque é que tens tanta certeza de que os outros não sabem onde está o teu esconderijo?
4685,yica,Sou eu que faço as perguntas. Como é que entraste no farol?
4686,yicc,"Sou Cyrus, irmão de Iszara. E exijo saber onde está"
4687,yila,Não sei porque estou a falar contigo. Como é que sei que és quem dizes ser? Vou precisar de alguma prova.
4688,yilc,Sei que a minha irmã está na Liga. Agora leva-me para ela.
4689,ylaa,"""Foste tu? - Não. Uma incursão necessária, receio. O Capitão Brennan tem estado a mover muitas mercadorias para o Império. Mas, devido à tua implicação, teremos de esperar."
4690,ylac,Pensei que já tinha a tua atenção. Um par dos teus rapazes tentaram tomar o barco em que eu naveguei.
4691,yn1a,"Cyrus, não. Contamos contigo. Só tu podes conseguir. - Por favor, não. Encontre a gema. Acorda A'tor e reúne as Coroas."
4692,yn1c,"Ainda não, receio."
4693,yn2a,"Está bem. Tenho de ir agora, antes que os Imperiais vejam a minha nave."
4694,yn2c,Vou fazer o meu melhor.
4695,ypga,"Eles atiraram-te para as Catacumbas? Bem, tens estado ocupado. Estou impressionado com o escape."
4696,ypgc,"Um dos teus homens, prisioneiro de Richton, deu-me uma chave antes de morrer de ferimentos. E o teu código mantém os loucos locais."
4697,ypra,Prova de que mereces a atenção da Liga. Algo que me demonstre que não corro um grande risco a levar-te para a esconde.
4698,yprc,Tenta? - Do quê?
4699,yrsa,"São os teus riscos, não os meus. Também não me dês lições sobre a tua vida de aventuras. Eu não preciso de nada de ti e tu precisas da minha ajuda. Estou a fazer-te um favor, por ficar aqui o tempo todo."
4700,yrsc,"Risco. É isso que te preocupa? Tirei dez vidas que valem a pena, e, no que me diz respeito, falar contigo é uma delas."
4701,ysia,"Não sei onde arranjaste isso, Cyrus, mas vai servir. O distintivo rabiscado como tal, pelo menos, compra-te uma audiência com a Liga. Suba a bordo, vamos embora antes que os Imperiais saibam que estou aqui."
4702,ysic,Aqui tens a prova que andaste à espera: uma insígnia da Liga Inquieta de Iszara.
4703,ytla,"Parece que não sabes onde está Iszara, ou a gema da alma, Cyrus. Até teres uma ou outra, não te preocupes em me fazer sinais outra vez. Estás a pôr-nos em perigo. - Até logo."
4704,ytlc,Vou precisar de me levar de volta à Liga.
4705,ytxa,Tens a gema?
4706,ytxc,Obrigado por ter vindo.
4707,ywia,"Não é da minha competência dar-lhe essa informação. Terás de falar com Basil, chefe da Liga Revoltosa."
4708,ywic,"Diz-me só onde está a minha irmã. Agora, já."
4709,yysa,"Os outros vão ficar felizes por a teres encontrado. A Iszara tem estado preocupada. Mas tu és a nossa única esperança. O resto de nós não pode ser visto na ilha, é muito perigoso."
4710,yysb,"Tens de encontrar uma maneira de extrair a alma! Avise-nos só então. Estaremos à espera. Boa sorte, então."
4711,yysc,"Encontrei-a, mas não encontrei a forma de tirar a alma de A'tor. Preciso de ajuda."
4712,yzz1,O que é que queres?
4717,yt1c,Muito obrigado.
4713,yzz2,Tu outra vez.
4714,yzz3,Enfia essa espada ou segue o teu caminho.
4715,yr1c,Preciso que me levem de volta para Stros M'kai.
4716,yb7c,Onde posso encontrar o Basil?
4717,yt1c,Obrigado.
4718,yb8c,"Até logo, então."
4719,yr1a,Olha para isto. Tu é que querias vir. E aqui ficas até ouvir mais alguma coisa do Basil.
4720,yb7a,"Não faço ideia. Vai perguntar a alguém. E não te metas onde não te chamam, ou vais arrepender-te."
4721,yt1a,"Não me agradeças, amigo. - Não te preocupes com isso. Tenho coisas para fazer."
4722,zah1,Quem vai?
4723,zah2,Em que consiste a sua actividade?
4724,zah3,"O que é que precisas, Guarda Vermelha?"
4725,zah4,O que é que queres?
4726,zabc,É tudo por agora. Mas eu voltarei.
4727,zaba,- Claro que sim.
4728,zapa,Isso é correto.
4729,zara,Que negócio tens com ele?
4730,zaaa,"Não és o suficientemente bom. Agora, mexe-te."
4731,zaha,"Não está interessado, Guarda Vermelha."
4732,zaia,"Não me vais escapar. Agora, mexe-te!"
4733,zada,Muito bem. Entrega-o.
4734,zaga,Isso não vai acontecer.
4735,zaka,"É verdade, Guarda Vermelha. GANHA. Vou dar-te um sinal."
4736,zbja,"Na verdade, Guarda Vermelha. - Não, não."
4737,zbsa,"Não recebem visitas. Agora, vai-te embora e trata dos teus assuntos."
4738,zax1,"Cuida dos teus assuntos, Guarda Vermelha."
4739,zax2,Mantenham-se em movimento.
4740,zax3,"Não agora, por favor."
4741,zbx4,Não estou aqui para falar.
4742,zbx5,"Mudança, por favor."
4743,zcx6,"Vamos, Guarda Vermelha."
4744,zcx7,Já é o suficiente.
4745,zdx8,"Não é o momento. - Não, não."
4746,zdx9,Ponte no caminho.
4747,zaal,Está tudo despejado por aqui.
4748,zano,Não há nada aqui.
4749,za00,Aqui está ele!
4750,zc02,- Deixa-o ir!
4751,zd03,A Guarda Vermelha escapou!
4752,zd04,É um dos piratas!
4753,za05,"O teu estilo requer trabalho, Guarda Vermelha."
4754,zb06,Uma espada afiada será a tua morte.
4755,zc07,Teste o Aço do Império!
4756,zd08,És muito engenhoso.
4757,za09,Demasiado para este guarda vermelho.
4758,zb10,"Procura no seu saco, pode ser um desses piratas."
4759,zc11,"Trabalhou muito. Mas o teu trabalho está terminado, Guarda Vermelha."
4760,zd12,"Esta espada trará ouro, eu sei."
4761,za13,"O teu estilo requer trabalho, Guarda Vermelha."
4762,zb14,Uma espada afiada será a tua morte.
4763,zc15,Saboreia o Aço do Império!
4764,zd16,És muito engenhoso.
4765,za17,Vamos...
4766,zb18,"Acelera, rebelde."
4767,zc19,"Você é um idiota, Guarda Vermelha. Devia render-se."
4768,zd20,Vou destruir o teu.
4769,za21,Ainda estás vivo!
4770,zb22,Já perdeste.
4771,zc23,Guarda! - Não!
4772,za24,Há sangue!
4773,za25,Cede ou haverá mais!
4775,za27,Eu bati-te bem!
4776,za28,"Perdeste, Guarda Vermelha!"
4777,za29,Eu tenho-te!
4778,za30,Não vais escapar!
4779,zb31,Traidor!
4780,zb32,Bom golpe para o meu Imperador!
4782,zb34,"RENDAM-SE, AGORA!"
4783,zb35,Eu bati na chave!
4784,zb36,Muito lento!
4786,zc38,Eu cortei-te!
4787,zc29,Você está lento!
4788,zc40,Um golpe!
4789,zc41,Desiste!
4790,zc42,Encapuza-a e vive!
4791,zc43,"Morra, Guarda Vermelha!"
4792,zc44,Toma já!
4793,zd45,Muito rápido!
4794,zd46,Eu sou rápido!
4795,zd47,Estás aberto!
4796,zd48,Um bom corte
4797,zd49,Sangue com ela.
4798,zd50,Não partiu!
4799,zd51,"Mais devagar, papai!"
4803,za55,Bastardo!
4804,za56,Eu fui cortado!
4805,zb57,Maldito mar!
4806,zb58,Vais pagar-me!
4807,zb59,Eu mato-te!
4808,zb60,Guarda! Estou preso!
4809,zb61,Treinou bem mas não para ganhar.
4810,zc62,Não consegues mais!
4811,zc63,- Meu Deus!
4812,zc64,Malditos mares!
4813,zc65,"Malditos mares, guarda vermelha!"
4814,zc66,Malditos sejam os olhos!
4815,zd67,Rebelde!
4816,zd68,-Vinil!
4817,zd69,Eu devolvo-te isso por bem!
4818,zd70,"- Não, não. - O que é?"
4819,za71,- Toma isso.
4820,za72,É teu!
4821,za73,- Já o tens!
4822,za74,Estou no mesmo grupo!
4823,zb75,Ajuda-me aqui!
4824,zb76,Aqui! Apanha-o!
4825,zb77,"Saiam do meu caminho, eu estou a cagar!"
4826,zb78,Eu vou acabar com ele!
4827,zc79,"Cruzem-se comigo, Guarda Vermelha!"
4828,zc80,É só um!
4829,zc81,Estás a brincar com ele! Entrega-me o homem!
4830,zd82,"Tenta-me, Guarda Vermelha!"
4831,zd83,Tenho este rebelde!
4832,zd84,Desanda e dá-me a mim!
4833,zc91,Guarda!
4834,z101,"Este homem insistiu em entregar-lhe o amuleto ele mesmo, meu senhor."
4835,z108,- Meu senhor?
4836,z201,Governador! Tenho notícias da Guarda Vermelha!
4837,z203,"O que acabaram de pôr nas Catacumbas, senhor. O que se chama Cyrus. Ele escapou!"
4838,z205,"Ou não o encontramos em lado nenhum, senhor. Estamos a vasculhar as ruas à sua procura."
4839,z902,"Sim, meu senhor. O dragão está morto."
4840,z904,"Não temos a certeza se foi o guarda vermelho, meu senhor..."
4841,zb01,"O navio de assalto está pronto, tenente, os homens estão a bordo. Nunca nos verão chegar."
4842,zb03,O que foi isso?
4843,zb05,Estão a atacar o porto!
4844,zb07,"Uma multidão deles, Governador! Fomos apanhados de surpresa..."
4845,za85,"Guarda vermelha, idiota! Desintegra-te e morre!"
4846,zb86,"- Está bem. É o teu funeral, Guarda Vermelha."
4847,zc87,"Se o que queres é pele, sou o teu homem."
4848,zd88,"Vamos, então. Podes usar esta coisa, não podes?"
4849,z2jc,Mantendo a prisão cheia?
4850,z2sc,Preciso de visitar um dos seus prisioneiros.
4851,za1c,- Um momento.
4852,za2c,"Desculpe, não sei."
4853,za3c,Uma palavra.
4854,za4c,- Espera um segundo.
4855,zaac,Preciso de lhe fazer algumas perguntas.
4856,zadc,Tenho um objeto que ele espera do negro.
4857,zagc,"Desculpe, mas vem com uma mensagem apenas para os ouvidos de RICHTON. Vou ter de o ver."
4858,zahc,Gostava de lhe dar um presente.
4859,zaic,Tenho alguma informação que pode ser útil.
4860,zakc,"Então, nunca mais verá este amuleto."
4861,zapc,"Isto é o palácio, certo?"
4862,zarc,Tenho de falar com o governador Richton.
4863,zaza,Vai-te embora. Percebes? Vai-te embora.
4864,zazb,"Guarda isso, filho. Isto não é o momento nem o lugar."
4865,zbza,"Volta para a tua panela, esquerdista."
